participant,rep,equipment_code,exercise_code,quality_code,timestamp,timestamp_ms,accelX,accelY,accelZ,accelMag,gyroX,gyroY,gyroZ,roll,pitch,yaw,filteredX,filteredY,filteredZ,filteredMag,rep_original
1,1,1,3,0,0.0,0,-3.26,8.77,0.31,9.3614,0.0425,0.0578,0.0654,20.5,87.94,258.88,-3.4405,8.9541,-0.0689,9.5925,1
1,1,1,3,0,0.13,130,-3.29,8.69,0.24,9.295,0.0327,0.0207,-0.0687,20.75,87.63,258.5,-3.4207,8.9193,-0.0282,9.5527,1
1,1,1,3,0,0.261,261,-3.67,8.78,0.13,9.517,-0.0207,0.0022,0.0327,21.38,87.75,257.81,-3.4535,8.9009,-0.0074,9.5474,1
1,1,1,3,0,0.391,391,-3.53,9.07,0.44,9.7427,-0.0284,-0.0175,-0.0731,21.13,87.94,258.06,-3.4636,8.9232,0.0516,9.572,1
1,1,1,3,0,0.527,527,-3.61,8.81,0.32,9.5263,-0.0044,-0.0371,-0.0502,21.63,88.19,257.75,-3.4829,8.9083,0.087,9.5653,1
1,1,1,3,0,0.657,657,-2.95,8.52,0.33,9.0223,-0.0196,-0.0469,0.1484,20.5,88.44,259.0,-3.4127,8.8571,0.119,9.4926,1
1,1,1,3,0,0.789,789,-3.51,9.03,0.08,9.6885,-0.0327,-0.0578,0.1004,20.69,88.94,259.13,-3.4255,8.8799,0.1138,9.5184,1
1,1,1,3,0,0.919,919,-3.56,8.56,-0.07,9.271,-0.0851,-0.0873,0.0535,20.88,89.56,259.31,-3.4432,8.8377,0.0896,9.4852,1
1,1,1,3,0,1.092,1092,-3.24,9.04,-0.34,9.6091,-0.0785,-0.1254,0.1047,19.25,90.56,261.63,-3.4164,8.8644,0.033,9.5,1
1,1,1,3,0,1.223,1223,-2.33,8.11,-0.18,8.44,-0.0578,-0.1374,0.1069,17.94,91.38,263.69,-3.2733,8.765,0.0049,9.3562,1
1,1,1,3,0,1.354,1354,-2.71,8.37,-0.28,8.8022,-0.0556,-0.1309,0.1702,17.63,92.13,264.81,-3.1991,8.7129,-0.0326,9.2817,1
1,2,1,3,0,1.484,1484,-2.46,9.23,-0.45,9.5628,-0.0011,-0.1222,0.1898,16.31,92.5,266.94,-3.1017,8.7811,-0.0876,9.3132,1
1,2,1,3,0,1.615,1615,-1.65,8.88,-0.39,9.0404,0.0578,-0.1047,0.2498,15.19,92.56,268.94,-2.9104,8.7941,-0.1275,9.2641,1
1,2,1,3,0,1.746,1746,-3.92,9.67,-0.52,10.4473,0.0687,-0.0982,-0.2018,15.81,92.31,269.19,-3.0434,8.9095,-0.1792,9.4167,1
1,2,1,3,0,1.881,1881,-1.94,9.87,-0.46,10.0694,0.1025,-0.0654,-0.0469,15.13,91.81,270.63,-2.898,9.0361,-0.2162,9.4919,1
1,2,1,3,0,2.011,2011,-3.7,9.44,-0.23,10.1418,0.1156,-0.0436,-0.1931,16.63,91.19,269.75,-3.0037,9.0893,-0.218,9.5752,1
1,2,1,3,0,2.184,2184,-2.49,9.49,-0.12,9.812,0.1407,-0.0196,0.1887,15.5,89.94,271.5,-2.936,9.1421,-0.2051,9.6042,1
1,2,1,3,0,2.314,2314,-2.47,8.99,-0.14,9.3242,0.1342,-0.0055,0.1058,14.63,88.94,272.69,-2.8746,9.1221,-0.1965,9.5663,1
1,2,1,3,0,2.444,2444,-2.31,9.13,0.31,9.4228,0.1058,0.0207,0.24,14.06,88.06,273.44,-2.8002,9.1231,-0.1298,9.5441,1
1,2,1,3,0,2.574,2574,-2.75,9.77,0.12,10.1504,0.0698,0.0436,0.1156,14.69,87.38,272.81,-2.7936,9.2084,-0.0969,9.6233,1
1,2,1,3,0,2.705,2705,-2.6,10.17,0.55,10.5115,0.0011,0.0513,-0.4701,15.0,87.0,272.19,-2.7681,9.3351,-0.0116,9.7368,1
1,2,1,3,0,2.835,2835,-3.15,11.12,0.85,11.5888,-0.0851,0.0676,-0.228,16.69,87.19,269.94,-2.8184,9.5703,0.1019,9.9772,1
1,2,1,3,0,2.965,2965,-2.92,10.31,0.41,10.7234,-0.1658,0.0764,-0.0971,17.19,87.94,268.69,-2.8318,9.6678,0.1425,10.075,1
1,2,1,3,0,3.095,3095,-2.64,9.97,0.03,10.3137,-0.1713,0.0873,0.2814,17.63,89.06,267.31,-2.8065,9.7076,0.1277,10.1059,1
1,2,1,3,0,3.268,3268,-2.45,9.06,-0.15,9.3866,-0.1102,0.0687,0.0982,17.81,90.13,266.06,-2.7595,9.6223,0.0911,10.0105,2
1,2,1,3,0,3.398,3398,-2.47,8.78,0.0,9.1208,-0.0785,0.0305,0.1331,17.63,90.69,265.75,-2.7214,9.5113,0.0791,9.8932,2
1,2,1,3,0,3.528,3528,-2.7,8.86,-0.49,9.2752,-0.0764,0.0055,0.1898,17.56,91.31,265.56,-2.7186,9.4254,0.0041,9.8097,2
1,2,1,3,0,3.658,3658,-2.93,9.23,-0.47,9.6953,-0.0458,-0.0164,0.0633,17.56,91.81,265.56,-2.7464,9.3997,-0.0584,9.7929,2
1,2,1,3,0,3.788,3788,-3.07,11.57,-0.55,11.983,0.012,-0.0251,-0.2476,17.44,91.94,265.75,-2.7891,9.6857,-0.1232,10.08,2
1,2,1,3,0,3.918,3918,-1.98,5.44,-0.23,5.7937,0.0884,-0.0087,0.3142,19.06,91.44,264.44,-2.6825,9.1262,-0.1372,9.5133,2
1,2,1,3,0,4.048,4048,-0.89,8.92,-0.38,8.9723,0.0513,-0.0502,-0.0327,16.44,91.0,267.38,-2.4463,9.099,-0.1692,9.4237,2
1,2,1,3,0,4.178,4178,-3.04,8.99,-0.11,9.4907,0.0458,-0.0284,0.1734,18.38,90.81,265.88,-2.5245,9.0847,-0.1614,9.4303,2
1,2,1,3,0,4.351,4351,-2.53,9.32,-0.23,9.66,0.0142,-0.0338,0.1189,17.88,90.75,266.81,-2.5252,9.1157,-0.1705,9.4605,2
1,2,1,3,0,4.482,4482,-2.48,8.89,-0.15,9.2307,0.0011,-0.0175,0.3872,17.31,90.75,267.56,-2.5193,9.0859,-0.1678,9.4302,2
1,2,1,3,0,4.613,4613,-2.81,9.18,-0.16,9.6018,0.0022,-0.0076,0.036,16.94,90.81,268.13,-2.5576,9.0983,-0.1667,9.4524,2
1,2,1,3,0,4.747,4747,-2.97,8.49,-0.4,9.0034,0.0087,0.0087,-0.0218,17.94,90.81,267.13,-2.6119,9.0182,-0.1975,9.3909,2
1,2,1,3,0,4.878,4878,-2.87,8.53,-0.41,9.0092,-0.0098,0.0,-0.0622,18.25,90.88,266.88,-2.6459,8.9538,-0.2255,9.3393,2
1,2,1,3,0,5.01,5010,-2.43,8.49,-0.23,8.8339,-0.0055,-0.0055,0.0011,18.0,90.94,267.06,-2.6175,8.8927,-0.2261,9.2727,2
1,2,1,3,0,5.141,5141,-3.39,9.15,-0.28,9.7618,-0.0065,-0.0055,0.0185,18.31,91.06,266.75,-2.7193,8.9266,-0.2332,9.3345,2
1,3,1,3,0,5.271,5271,-2.69,9.02,-0.3,9.4174,0.036,0.0175,0.1385,17.25,91.0,267.75,-2.7154,8.9389,-0.242,9.3454,2
1,3,1,3,0,5.444,5444,-2.56,9.11,-0.28,9.467,0.0687,0.0229,-0.1702,17.75,90.44,267.25,-2.6949,8.9615,-0.247,9.3612,2
1,3,1,3,0,5.575,5575,-2.7,9.03,-0.07,9.4253,0.0535,0.0207,-0.0894,18.0,89.88,266.94,-2.6956,8.9705,-0.2237,9.3694,2
1,3,1,3,0,5.705,5705,-2.77,8.88,0.12,9.3028,0.0273,0.0229,0.2465,17.94,89.56,266.94,-2.7054,8.9586,-0.1784,9.3599,2
1,3,1,3,0,5.839,5839,-2.82,9.21,-0.21,9.6343,0.0076,0.0131,0.2869,17.31,89.44,267.56,-2.7205,8.9917,-0.1826,9.396,2
1,3,1,3,0,5.97,5970,-3.2,9.22,0.28,9.7635,0.0087,0.0,-0.1353,16.88,89.44,268.0,-2.7837,9.0218,-0.1216,9.4423,2
1,3,1,3,0,6.103,6103,-3.12,9.47,0.17,9.9722,0.0033,0.0022,-0.1298,16.94,89.44,267.94,-2.828,9.0809,-0.0832,9.5114,2
1,3,1,3,0,6.233,6233,-1.99,9.13,0.01,9.3444,0.0044,0.0098,-0.1265,16.38,89.38,268.38,-2.7176,9.0873,-0.0709,9.4852,2
1,3,1,3,0,6.364,6364,-2.75,9.46,0.18,9.8532,0.0065,0.0175,-0.0207,17.06,89.38,267.56,-2.7219,9.1364,-0.0378,9.5333,2
1,3,1,3,0,6.537,6537,-2.77,10.33,-0.24,10.6976,0.0044,0.0131,0.1287,17.38,89.31,267.19,-2.7282,9.2937,-0.0645,9.6861,2
1,3,1,3,0,6.668,6668,-3.57,11.64,0.22,12.1771,0.0327,0.0153,-0.0665,17.94,89.19,266.63,-2.8391,9.6029,-0.027,10.0138,2
1,3,1,3,0,6.798,6798,-3.39,10.75,0.23,11.2742,0.0644,0.0076,-0.2203,18.88,88.81,265.69,-2.9117,9.7541,0.0069,10.1794,2
1,3,1,3,0,6.929,6929,-2.95,9.37,0.19,9.8252,0.0665,0.0098,0.1865,18.56,88.25,266.13,-2.9168,9.7034,0.031,10.1324,3
1,3,1,3,0,7.062,7062,-3.19,8.77,0.37,9.3395,0.0535,-0.0044,-0.0164,18.75,87.81,266.06,-2.9528,9.5804,0.0757,10.0254,3
1,3,1,3,0,7.196,7196,-2.81,8.73,0.32,9.1767,0.0087,-0.0109,0.1614,18.0,87.63,267.0,-2.934,9.4684,0.1079,9.9131,3
1,3,1,3,0,7.326,7326,-2.59,8.64,0.17,9.0215,-0.0305,-0.0262,-0.1091,17.56,87.75,267.56,-2.8886,9.3592,0.1161,9.7955,3
1,3,1,3,0,7.457,7457,-3.04,8.74,0.29,9.2581,-0.0731,-0.0327,-0.1854,18.63,88.13,266.56,-2.9086,9.2776,0.139,9.7239,3
1,3,1,3,0,7.629,7629,-2.63,8.65,0.19,9.043,-0.0524,-0.024,0.0131,17.94,88.88,267.25,-2.8719,9.1949,0.1457,9.6341,3
1,3,1,3,0,7.759,7759,-2.02,10.2,0.2,10.4,-0.0796,-0.0164,-0.1309,17.94,89.44,267.25,-2.7596,9.3274,0.1529,9.7282,3
1,3,1,3,0,7.889,7889,-2.91,6.22,0.25,6.8716,-0.0011,0.0131,0.2236,21.13,89.81,264.0,-2.7794,8.9179,0.1657,9.3425,3
1,3,1,3,0,8.019,8019,-1.96,8.47,-0.05,8.694,-0.0938,0.0175,0.036,19.06,90.13,265.88,-2.6715,8.8589,0.1372,9.2539,3
1,3,1,3,0,8.149,8149,-4.3,8.84,-0.21,9.8326,0.0131,0.0436,0.204,20.19,90.31,264.56,-2.8861,8.8564,0.0915,9.3152,3
1,3,1,3,0,8.279,8279,-2.48,8.69,-0.25,9.0404,0.0153,0.048,0.0295,18.19,90.06,266.25,-2.8325,8.8345,0.0465,9.2776,3
1,3,1,3,0,8.409,8409,-3.61,8.91,-0.26,9.6171,0.0196,0.0447,-0.1276,19.0,89.94,265.13,-2.935,8.8444,0.0061,9.3187,3
1,3,1,3,0,8.539,8539,-3.05,8.38,0.0,8.9178,0.036,0.0425,0.1309,18.69,89.63,265.19,-2.9501,8.7832,0.0053,9.2654,3
1,3,1,3,0,8.712,8712,-3.21,8.46,-0.12,9.0493,0.0284,0.0207,0.1756,18.75,89.31,264.94,-2.9844,8.7406,-0.0112,9.2361,3
1,3,1,3,0,8.843,8843,-3.11,8.64,-0.08,9.183,-0.0098,-0.012,-0.1527,18.63,89.19,265.06,-3.0009,8.7274,-0.0203,9.2289,3
1,3,1,3,0,8.974,8974,-2.73,8.97,0.17,9.3778,0.0164,-0.0109,0.1484,18.13,89.13,265.63,-2.9652,8.7593,0.0048,9.2476,3
1,4,1,3,0,9.106,9106,-3.03,8.56,0.3,9.0854,-0.0033,-0.0185,-0.0382,18.69,89.19,265.25,-2.9738,8.7331,0.0437,9.2256,3
1,4,1,3,0,9.237,9237,-1.98,9.15,0.24,9.3649,-0.0284,-0.0349,-0.156,17.56,89.44,266.44,-2.8428,8.788,0.0696,9.2366,3
1,4,1,3,0,9.371,9371,-3.43,8.77,0.11,9.4175,-0.0131,-0.0207,0.0011,19.31,89.75,264.81,-2.9202,8.7856,0.0749,9.2585,3
1,4,1,3,0,9.502,9502,-3.24,9.21,-0.35,9.7696,-0.0305,-0.0349,-0.2389,19.25,90.06,265.0,-2.9623,8.8416,0.0189,9.3246,3
1,4,1,3,0,9.632,9632,-2.36,9.4,-0.09,9.6921,-0.0098,-0.0175,0.1865,18.19,90.25,266.25,-2.883,8.9151,0.0046,9.3697,3
1,4,1,3,0,9.805,9805,-3.66,9.29,0.09,9.9854,0.0175,-0.0196,-0.0273,18.94,90.31,265.69,-2.9854,8.9645,0.0158,9.4486,3
1,4,1,3,0,9.936,9936,-3.18,9.19,0.08,9.725,0.0415,-0.0196,-0.0633,18.31,90.06,266.44,-3.011,8.9943,0.0243,9.4849,3
1,4,1,3,0,10.066,10066,-3.74,9.88,-0.28,10.5679,0.0502,-0.0142,-0.0175,18.94,89.81,266.06,-3.1071,9.111,-0.0158,9.6262,3
1,4,1,3,0,10.197,10197,-4.91,10.49,0.06,11.5824,0.0589,-0.024,-0.2018,19.56,89.44,265.63,-3.3446,9.2927,-0.0058,9.8763,3
1,4,1,3,0,10.328,10328,-3.89,11.05,-0.05,11.7148,0.0371,-0.0229,-0.2182,19.31,89.13,266.13,-3.4165,9.5243,-0.0117,10.1185,3
1,4,1,3,0,10.461,10461,-3.11,10.55,-0.06,10.999,0.0218,-0.0207,0.168,18.69,88.94,266.94,-3.3761,9.6594,-0.018,10.2325,3
1,4,1,3,0,10.591,10591,-3.2,9.56,0.32,10.0864,0.036,-0.0153,0.2236,18.69,88.81,267.19,-3.3529,9.6463,0.0265,10.2125,4
1,4,1,3,0,10.725,10725,-2.5,8.62,0.1,8.9758,0.0207,-0.0098,0.1418,18.38,88.69,267.69,-3.2405,9.5111,0.0362,10.048,4
1,4,1,3,0,10.898,10898,-2.82,8.2,0.36,8.6788,-0.0044,-0.0011,-0.0284,18.69,88.75,267.44,-3.1851,9.3383,0.0789,9.8669,4
1,4,1,3,0,11.028,11028,-2.71,8.38,-0.11,8.808,-0.0447,0.0,-0.2967,18.88,88.88,267.25,-3.1225,9.212,0.054,9.727,4
1,4,1,3,0,11.158,11158,-2.93,8.78,-0.02,9.256,-0.0338,0.0131,-0.1669,19.69,89.13,266.19,-3.0971,9.1551,0.0442,9.6649,4
1,4,1,3,0,11.288,11288,-2.95,8.88,0.07,9.3574,-0.0262,0.0251,0.0796,19.94,89.38,265.75,-3.0777,9.1189,0.0476,9.6244,4
1,4,1,3,0,11.418,11418,-3.83,7.09,0.01,8.0584,0.0087,0.0295,0.0785,20.81,89.5,264.63,-3.1769,8.8515,0.0427,9.4044,4
1,4,1,3,0,11.548,11548,-0.79,6.91,0.24,6.9592,-0.0327,0.0316,0.6665,16.25,89.5,269.0,-2.8623,8.5957,0.0687,9.06,4
1,4,1,3,0,11.678,11678,-3.95,10.46,-0.18,11.1824,-0.0196,0.0218,0.0611,16.0,89.75,269.13,-3.0057,8.8413,0.0359,9.3383,4
1,5,1,3,0,11.808,11808,-1.42,8.52,0.09,8.638,-0.0262,0.0284,0.0611,13.81,89.75,271.06,-2.7967,8.799,0.043,9.2329,4
1,5,1,3,0,11.981,11981,-2.48,9.24,-0.31,9.572,-0.0218,0.0316,0.1014,14.81,90.06,269.75,-2.755,8.8571,-0.0035,9.2757,4
1,5,1,3,0,12.111,12111,-1.75,8.77,0.09,8.9433,-0.0218,0.0229,-0.1276,14.81,90.19,269.5,-2.6226,8.8456,0.0088,9.2262,4
1,5,1,3,0,12.241,12241,-2.8,9.33,-0.02,9.7411,-0.0338,0.0055,-0.492,17.5,90.38,266.69,-2.6459,8.9095,0.005,9.294,4
1,5,1,3,0,12.371,12371,-3.77,9.5,-0.19,10.2225,-0.0382,-0.0087,-0.1702,19.75,90.69,264.31,-2.7941,8.9873,-0.0207,9.4116,4
1,5,1,3,0,12.501,12501,-3.43,8.82,-0.14,9.4645,0.0,0.0055,0.3512,19.75,90.88,264.31,-2.8779,8.9652,-0.0364,9.4159,4
1,5,1,3,0,12.631,12631,-3.23,8.73,-0.33,9.3142,-0.0055,-0.0153,-0.0807,18.69,90.88,265.38,-2.9243,8.9342,-0.0751,9.4009,4
1,5,1,3,0,12.761,12761,-2.23,8.68,-0.11,8.9626,0.036,-0.0044,0.4396,17.13,90.81,267.0,-2.8328,8.9007,-0.0797,9.341,4
1,5,1,3,0,12.891,12891,-2.21,8.19,-0.24,8.4863,0.0316,-0.0022,0.2836,16.19,90.63,268.06,-2.7507,8.8071,-0.1008,9.2272,4
1,5,1,3,0,13.064,13064,-2.55,9.04,-0.25,9.3961,0.0371,-0.0011,-0.0676,15.63,90.31,268.69,-2.7243,8.8378,-0.1205,9.2489,4
1,5,1,3,0,13.195,13195,-2.21,8.99,-0.14,9.2587,0.0262,-0.0011,-0.1909,15.56,90.13,268.81,-2.6565,8.8578,-0.123,9.2484,4
1,5,1,3,0,13.325,13325,-2.09,8.98,-0.21,9.2224,0.0371,0.0142,0.3316,15.0,89.94,269.44,-2.5818,8.8739,-0.1345,9.2429,4
1,5,1,3,0,13.459,13459,-2.25,9.18,0.01,9.4517,0.0338,-0.0055,-0.1385,14.88,89.69,269.63,-2.5381,8.9143,-0.1155,9.2693,4
1,5,1,3,0,13.59,13590,-2.54,9.52,0.2,9.855,0.0349,-0.0011,0.2334,15.5,89.5,269.13,-2.5384,8.9941,-0.0739,9.3457,4
1,5,1,3,0,13.723,13723,-2.26,9.94,0.3,10.1981,0.024,-0.024,-0.204,15.19,89.25,269.56,-2.5017,9.1187,-0.0246,9.4557,4
1,5,1,3,0,13.853,13853,-2.93,9.57,0.15,10.0096,0.0185,-0.0207,-0.048,16.0,89.13,268.94,-2.5581,9.1782,-0.0016,9.528,4
1,5,1,3,0,13.984,13984,-2.69,9.43,0.28,9.8102,0.0055,-0.0196,0.0284,16.06,89.06,269.06,-2.5755,9.2114,0.0355,9.5647,4
1,5,1,3,0,14.157,14157,-3.1,10.0,0.02,10.4695,-0.0142,-0.0393,-0.1647,16.44,89.19,268.94,-2.6446,9.3153,0.0335,9.6835,4
1,5,1,3,0,14.288,14288,-3.05,11.56,0.2,11.9573,-0.0218,-0.0262,0.0785,16.25,89.44,269.31,-2.698,9.6111,0.0554,9.9828,4
1,5,1,3,0,14.418,14418,-3.11,10.64,0.0,11.0852,-0.0207,-0.0076,0.1854,16.88,89.63,268.75,-2.7523,9.7467,0.0481,10.1279,4
1,5,1,3,0,14.549,14549,-2.94,9.71,-0.14,10.1463,-0.0273,-0.0055,0.1134,16.44,89.88,269.19,-2.7771,9.7418,0.0233,10.13,4
1,5,1,3,0,14.68,14680,-3.33,9.09,-0.25,9.684,-0.0513,-0.0185,-0.0109,16.19,90.19,269.44,-2.8499,9.6559,-0.0127,10.0677,5
1,5,1,3,0,14.815,14815,-2.98,9.05,-0.17,9.5295,-0.0676,-0.0185,-0.1287,15.63,90.63,269.94,-2.8671,9.5761,-0.0334,9.9961,5
1,5,1,3,0,14.945,14945,-2.78,9.1,-0.29,9.5196,-0.0622,-0.0011,0.0993,15.63,91.13,269.88,-2.8556,9.5134,-0.0672,9.9329,5
1,5,1,3,0,15.077,15077,-2.52,8.79,-0.42,9.1537,-0.0611,0.0087,-0.0611,15.88,91.63,269.5,-2.8114,9.418,-0.1137,9.8294,5
1,5,1,3,0,15.249,15249,-1.86,9.35,-0.48,9.5453,-0.0513,0.0262,-0.0491,15.81,92.19,269.19,-2.686,9.4091,-0.162,9.7863,5
1,5,1,3,0,15.379,15379,-2.39,9.36,-0.37,9.6674,-0.0153,0.0469,-0.0033,16.63,92.38,268.06,-2.647,9.4026,-0.1894,9.7699,5
1,5,1,3,0,15.509,15509,-3.79,10.93,-0.46,11.5776,0.0284,0.0502,-0.5171,18.0,92.25,266.38,-2.7976,9.6039,-0.2251,10.0056,5
1,5,1,3,0,15.639,15639,-0.45,4.0,0.0,4.0252,0.1385,0.1222,1.4224,14.94,91.19,269.06,-2.4883,8.8654,-0.1954,9.2101,5
1,5,1,3,0,15.769,15769,-2.54,10.18,-0.25,10.4951,0.0611,0.0262,-0.6785,11.94,90.56,271.69,-2.4951,9.0387,-0.2026,9.3789,5
1,5,1,3,0,15.899,15899,-0.4,10.26,-0.03,10.2678,0.072,0.0567,0.7799,10.81,90.06,272.5,-2.219,9.1996,-0.1799,9.4651,5
1,5,1,3,0,16.029,16029,-2.15,9.51,0.01,9.75,0.0196,-0.012,-0.5596,12.25,89.75,271.0,-2.2099,9.2405,-0.1548,9.5023,5
1,5,1,3,0,16.179,16179,-2.33,8.57,0.0,8.8811,0.0251,-0.024,-0.1636,14.5,89.63,268.94,-2.2257,9.1521,-0.1344,9.4199,5
1,5,1,3,0,16.352,16352,-2.25,8.14,0.19,8.4474,-0.0142,-0.0415,0.1374,14.44,89.63,269.38,-2.2289,9.0188,-0.0917,9.2906,5
1,5,1,3,0,16.482,16482,-1.11,9.06,-0.41,9.1369,-0.0371,-0.0556,0.1713,12.94,89.88,271.19,-2.0815,9.0242,-0.1336,9.2621,5
1,5,1,3,0,16.612,16612,-1.39,8.98,-0.06,9.0871,-0.036,-0.0633,-0.1745,12.13,90.38,272.38,-1.9904,9.0184,-0.1239,9.2362,5
1,6,1,3,0,16.742,16742,-1.63,9.0,-0.12,9.1472,-0.024,-0.0524,0.2596,13.06,90.75,271.75,-1.9429,9.016,-0.1234,9.2237,5
1,6,1,3,0,16.872,16872,-2.29,9.1,-0.2,9.3858,-0.012,-0.0556,-0.0774,13.06,90.94,272.19,-1.9886,9.027,-0.1335,9.2444,5
1,6,1,3,0,17.002,17002,-1.93,9.18,-0.15,9.3819,0.0251,-0.0425,0.1527,12.63,90.94,272.94,-1.9809,9.0472,-0.1357,9.2625,5
1,6,1,3,0,17.132,17132,-2.34,9.23,-0.01,9.522,0.0251,-0.0415,-0.2389,12.94,90.88,273.0,-2.0282,9.0713,-0.1191,9.296,5
1,6,1,3,0,17.262,17262,-2.09,9.16,-0.22,9.398,0.0295,-0.0327,0.012,13.19,90.75,273.0,-2.0364,9.083,-0.1324,9.3094,5
1,6,1,3,0,17.435,17435,-2.74,9.59,-0.26,9.9771,0.0404,-0.0262,0.1113,14.06,90.5,272.5,-2.1291,9.1498,-0.1492,9.3954,5
1,6,1,3,0,17.565,17565,-1.34,9.55,0.1,9.6441,0.0535,-0.0305,0.0905,12.81,90.13,274.06,-2.0251,9.2025,-0.1164,9.4234,5
1,6,1,3,0,17.695,17695,-2.53,9.56,-0.22,9.8916,0.0305,-0.0393,-0.0589,14.06,89.88,273.19,-2.0916,9.2496,-0.13,9.4841,5
1,6,1,3,0,17.825,17825,-2.5,9.99,-0.19,10.2998,0.0153,-0.0316,0.0131,14.25,89.94,273.25,-2.1454,9.3472,-0.1379,9.5912,5
1,6,1,3,0,17.955,17955,-3.21,9.69,-0.09,10.2082,0.012,-0.0175,-0.0022,14.94,89.88,272.75,-2.2857,9.3924,-0.1316,9.6674,5
1,6,1,3,0,18.085,18085,-3.56,11.7,-0.26,12.2324,-0.0196,-0.0065,-0.0644,14.94,89.94,272.88,-2.4536,9.6965,-0.1485,10.0032,5
1,6,1,3,0,18.215,18215,-2.83,10.63,0.02,11.0003,-0.0316,0.0164,0.0785,15.06,90.13,272.69,-2.5032,9.8195,-0.1263,10.1343,5
1,6,1,3,0,18.346,18346,-2.09,9.64,0.03,9.864,-0.0524,0.0327,0.0785,14.38,90.38,273.06,-2.4488,9.7958,-0.1057,10.0978,6
1,6,1,3,0,18.518,18518,-2.81,9.26,-0.16,9.6783,-0.0687,0.0371,0.0774,14.94,90.88,272.06,-2.4964,9.7252,-0.1129,10.0411,6
1,6,1,3,0,18.648,18648,-3.0,8.99,-0.08,9.4777,-0.0535,0.0371,-0.036,14.94,91.31,271.69,-2.5627,9.6283,-0.1085,9.9641,6
1,6,1,3,0,18.778,18778,-2.16,8.97,-0.2,9.2286,-0.024,0.0458,-0.0578,14.5,91.5,271.69,-2.5097,9.5416,-0.1206,9.8669,6
1,6,1,3,0,18.908,18908,-2.33,9.03,-0.33,9.3316,0.0098,0.048,0.0316,15.19,91.5,270.69,-2.486,9.4742,-0.1482,9.796,6
1,6,1,3,0,19.038,19038,-2.4,9.03,-0.41,9.3525,0.0065,0.0404,0.0305,15.56,91.38,270.0,-2.4747,9.4156,-0.1827,9.7371,6
1,6,1,3,0,19.168,19168,-2.36,9.93,-0.3,10.211,-0.0229,0.024,-0.1025,15.44,91.5,269.88,-2.4596,9.4834,-0.1981,9.7992,6
1,6,1,3,0,19.298,19298,-3.19,8.24,-0.39,8.8445,0.0033,0.0251,-0.1636,17.13,91.56,268.06,-2.5558,9.3196,-0.2234,9.6663,6
1,6,1,3,0,19.428,19428,-0.52,5.8,0.02,5.8233,0.0098,0.0469,0.3207,15.13,91.25,269.81,-2.2875,8.8558,-0.1914,9.1485,6
1,6,1,3,0,19.601,19601,-2.27,9.67,-0.3,9.9374,0.0469,0.0709,0.5574,14.31,91.0,270.19,-2.2852,8.9631,-0.2057,9.2521,6
1,6,1,3,0,19.731,19731,-2.38,9.28,0.0,9.5803,0.012,0.0185,-0.5967,13.44,90.63,270.81,-2.2977,9.0048,-0.1786,9.2951,6
1,6,1,3,0,19.861,19861,-2.73,9.32,0.08,9.7119,0.0196,0.0262,0.0578,14.94,90.5,269.13,-2.3547,9.0464,-0.1445,9.3489,6
1,6,1,3,0,19.991,19991,-1.87,8.77,0.02,8.9672,0.0175,0.0218,-0.0873,14.81,90.31,269.06,-2.2908,9.0099,-0.1228,9.2974,6
1,6,1,3,0,20.121,20121,-2.91,8.78,-0.17,9.2512,0.0076,0.0393,0.0273,16.44,90.19,267.38,-2.3724,8.9796,-0.129,9.2886,6
1,6,1,3,0,20.251,20251,-2.15,7.44,-0.03,7.7445,0.0458,0.0393,0.2738,15.75,89.88,267.81,-2.3431,8.7768,-0.116,9.0849,6
1,6,1,3,0,20.381,20381,-1.98,8.44,0.13,8.6701,-0.0022,0.0109,-0.0687,14.44,89.69,269.0,-2.2953,8.7324,-0.0836,9.0294,6
1,7,1,3,0,20.511,20511,-1.59,8.63,-0.14,8.7764,-0.0098,0.0076,0.0436,14.06,89.69,269.38,-2.2023,8.7189,-0.091,8.9932,6
1,7,1,3,0,20.684,20684,-2.57,9.23,-0.2,9.5832,-0.0207,-0.0164,0.0,15.06,89.94,268.44,-2.2508,8.7862,-0.1054,9.0706,6
1,7,1,3,0,20.814,20814,-1.99,9.63,0.08,9.8338,-0.0076,-0.0338,0.0513,14.0,90.06,269.63,-2.2164,8.8974,-0.0809,9.1697,6
1,7,1,3,0,20.944,20944,-2.72,9.93,0.07,10.296,0.0022,-0.0447,-0.0262,14.19,90.06,269.75,-2.2828,9.0335,-0.0611,9.3177,6
1,7,1,3,0,21.074,21074,-1.61,9.43,-0.14,9.5675,-0.0022,-0.0556,-0.0458,13.44,90.13,270.81,-2.1941,9.0857,-0.0715,9.3472,6
1,7,1,3,0,21.204,21204,-2.39,9.66,0.02,9.9513,0.0022,-0.0524,0.0949,14.13,90.25,270.5,-2.2199,9.1614,-0.0594,9.4267,6
1,7,1,3,0,21.334,21334,-2.32,9.86,-0.15,10.1304,0.0185,-0.0469,0.0687,14.38,90.31,270.69,-2.2331,9.2535,-0.0713,9.5194,6
1,7,1,3,0,21.464,21464,-2.17,9.85,-0.2,10.0882,0.0175,-0.0295,-0.0764,14.0,90.25,271.38,-2.2248,9.3321,-0.0883,9.594,6
1,7,1,3,0,21.594,21594,-1.94,9.89,-0.09,10.0789,0.0229,-0.0153,-0.1571,14.25,90.13,271.25,-2.1873,9.4056,-0.0885,9.657,6
1,7,1,3,0,21.767,21767,-2.94,10.83,-0.17,11.2233,0.0098,0.0098,-0.0796,15.5,90.06,270.06,-2.2865,9.5933,-0.0993,9.8625,6
1,7,1,3,0,21.897,21897,-2.77,10.05,0.09,10.4251,0.0284,0.0382,0.2051,15.31,89.81,270.13,-2.3502,9.6535,-0.0743,9.9357,6
1,7,1,3,0,22.028,22028,-2.04,9.66,0.1,9.8736,0.0185,0.0262,0.0425,14.56,89.56,270.69,-2.3093,9.6543,-0.0513,9.9268,7
1,7,1,3,0,22.159,22159,-3.2,9.45,0.13,9.9779,-0.0022,0.024,0.0764,14.81,89.5,270.38,-2.4267,9.6274,-0.0275,9.9286,7
1,7,1,3,0,22.289,22289,-2.03,9.67,0.15,9.8819,-0.012,0.036,0.1898,13.31,89.5,271.63,-2.3744,9.633,-0.0041,9.9213,7
1,7,1,3,0,22.42,22420,-1.9,9.16,0.0,9.355,-0.0131,0.0447,0.2673,12.56,89.56,272.06,-2.3119,9.5707,-0.0035,9.846,7
1,7,1,3,0,22.553,22553,-2.02,8.82,0.03,9.0484,-0.0404,0.0404,-0.0284,11.69,89.69,272.63,-2.2734,9.4718,0.0009,9.7408,7
1,7,1,3,0,22.687,22687,-1.69,9.0,-0.16,9.1587,-0.072,0.0338,-0.0927,12.0,90.13,271.94,-2.1965,9.4096,-0.0203,9.6626,7
1,7,1,3,0,22.859,22859,-3.44,9.52,-0.29,10.1266,-0.0524,0.0207,-0.5269,13.94,90.81,269.56,-2.3604,9.4242,-0.0559,9.7154,7
1,7,1,3,0,22.989,22989,0.9,5.03,-0.09,5.1107,-0.0513,0.0436,0.3262,10.94,91.0,272.19,-1.9308,8.8451,-0.0604,9.0536,7
1,7,1,3,0,23.119,23119,-5.32,10.17,-0.37,11.4834,-0.0491,0.0262,-0.3,14.25,91.5,268.63,-2.3774,9.0197,-0.1012,9.3283,7
1,7,1,3,0,23.249,23249,-1.12,9.52,-0.31,9.5907,-0.0076,0.0545,0.192,10.81,91.44,271.63,-2.2117,9.0856,-0.1287,9.3518,7
1,7,1,3,0,23.379,23379,-2.37,9.96,-0.35,10.2441,-0.0153,0.0327,-0.5181,12.31,91.5,269.81,-2.2325,9.2008,-0.1578,9.4691,7
1,7,1,3,0,23.509,23509,-2.23,8.7,-0.32,8.987,0.0229,0.0349,-0.3392,14.25,91.38,267.56,-2.2322,9.1348,-0.1792,9.4053,7
1,7,1,3,0,23.64,23640,-2.51,7.97,0.0,8.3559,0.072,0.036,0.1276,15.38,90.94,266.31,-2.2688,8.9814,-0.1556,9.2648,7
1,7,1,3,0,23.77,23770,-1.82,8.98,-0.07,9.1628,0.06,0.036,0.4505,14.63,90.38,266.94,-2.2097,8.9812,-0.1443,9.2501,7
1,7,1,3,0,23.943,23943,-2.57,9.05,0.05,9.408,0.0218,-0.0087,-0.1134,13.88,89.81,267.75,-2.2572,8.9902,-0.1187,9.27,7
1,8,1,3,0,24.074,24074,-2.13,8.68,-0.1,8.9381,0.0262,-0.0196,0.0273,13.88,89.63,267.94,-2.2404,8.9494,-0.1162,9.2263,7
1,8,1,3,0,24.204,24204,-3.56,9.49,-0.15,10.1369,-0.0164,-0.0393,-0.1025,14.25,89.63,267.75,-2.4143,9.0206,-0.1207,9.3389,7
1,8,1,3,0,24.34,24340,-0.84,10.02,0.06,10.0553,-0.0109,-0.0349,0.1702,12.44,89.63,269.81,-2.2068,9.1523,-0.0969,9.4151,7
1,8,1,3,0,24.47,24470,-2.36,9.22,0.0,9.5172,-0.0207,-0.0436,0.1778,13.06,89.81,269.5,-2.227,9.1612,-0.0841,9.4284,7
1,8,1,3,0,24.602,24602,-2.47,9.35,0.14,9.6718,-0.0196,-0.0567,-0.1527,12.94,90.06,269.94,-2.259,9.1861,-0.0546,9.4599,7
1,8,1,3,0,24.732,24732,-2.08,10.35,-0.05,10.5571,-0.0055,-0.0382,0.1025,12.31,90.19,270.94,-2.2354,9.3395,-0.054,9.6034,7
1,8,1,3,0,24.863,24863,-2.58,10.2,-0.02,10.5213,0.0175,-0.0382,-0.1734,12.25,90.19,271.25,-2.2809,9.4529,-0.0495,9.7243,7
1,8,1,3,0,25.036,25036,-2.95,10.96,-0.25,11.3528,0.0262,-0.024,-0.0927,12.75,90.0,271.06,-2.369,9.6515,-0.0759,9.9383,7
1,8,1,3,0,25.167,25167,-2.87,11.54,0.01,11.8915,0.0458,-0.0131,-0.2902,13.13,89.81,270.88,-2.435,9.9003,-0.0646,10.1956,7
1,8,1,3,0,25.3,25300,-2.15,9.98,0.0,10.209,0.0742,0.0098,0.0458,13.25,89.31,270.81,-2.3975,9.9108,-0.0561,10.1968,7
1,8,1,3,0,25.431,25431,-1.76,9.33,0.25,9.4978,0.0491,-0.0011,0.0305,12.75,88.81,271.44,-2.3135,9.8343,-0.0158,10.1028,8
1,8,1,3,0,25.564,25564,-1.84,9.46,0.33,9.6429,0.0022,-0.012,0.1189,12.63,88.69,271.69,-2.2511,9.785,0.0298,10.0406,8
1,8,1,3,0,25.695,25695,-2.4,9.45,0.19,9.7519,-0.0295,0.0011,0.1036,12.63,88.81,271.69,-2.2707,9.7408,0.0509,10.0021,8
1,8,1,3,0,25.825,25825,-2.14,9.44,0.07,9.6798,-0.0349,0.0196,0.1244,12.25,89.06,271.94,-2.2535,9.7012,0.0534,9.9596,8
1,8,1,3,0,25.955,25955,-1.84,9.22,0.16,9.4032,-0.0131,0.0207,0.048,12.31,89.19,271.75,-2.199,9.6378,0.0675,9.8857,8
1,8,1,3,0,26.128,26128,-2.08,9.57,0.12,9.7942,-0.0305,0.0055,-0.156,14.0,89.38,269.88,-2.1833,9.6288,0.0744,9.8736,8
1,8,1,3,0,26.258,26258,-3.88,9.13,-0.04,9.9203,-0.0098,-0.0022,-0.625,17.81,89.69,266.06,-2.4069,9.5631,0.0593,9.8615,8
1,8,1,3,0,26.388,26388,-1.61,5.71,-0.02,5.9327,0.0011,0.0098,-0.0371,17.81,89.56,266.0,-2.3019,9.0554,0.0489,9.3435,8
1,8,1,3,0,26.518,26518,-3.61,10.1,-0.14,10.7267,0.0207,0.0164,-0.0382,18.5,89.5,265.13,-2.4743,9.193,0.024,9.5202,8
1,8,1,3,0,26.648,26648,-3.81,8.93,-0.03,9.7089,0.0349,0.0349,0.2607,18.75,89.25,264.75,-2.6503,9.1584,0.0169,9.5341,8
1,8,1,3,0,26.778,26778,-3.01,8.61,0.09,9.1214,-0.0338,0.0098,-0.5694,18.94,89.19,264.44,-2.6977,9.0861,0.0265,9.4782,8
1,8,1,3,0,26.908,26908,-4.99,9.05,-0.14,10.3355,-0.048,0.0175,-0.1974,21.56,89.31,261.56,-2.9997,9.0813,0.0046,9.564,8
1,8,1,3,0,27.038,27038,-2.53,7.78,0.02,8.1811,-0.0425,0.0349,0.1963,20.25,89.63,262.56,-2.9378,8.9099,0.0066,9.3817,8
1,8,1,3,0,27.211,27211,-3.44,8.39,-0.2,9.07,-0.0764,0.0338,0.2029,20.56,90.19,261.81,-3.004,8.8414,-0.0206,9.3378,8
1,8,1,3,0,27.342,27342,-3.12,8.18,-0.11,8.7555,-0.0764,0.0207,-0.0731,19.5,90.56,262.5,-3.0193,8.7542,-0.0324,9.2603,8
1,8,1,3,0,27.473,27473,-2.84,9.08,0.15,9.515,-0.0142,0.0251,0.2302,18.0,90.81,263.75,-2.9957,8.7971,-0.0084,9.2932,8
1,9,1,3,0,27.603,27603,-2.2,8.82,-0.05,9.0904,0.0,0.0185,0.1527,16.31,90.81,265.19,-2.8908,8.8002,-0.0139,9.2628,8
1,9,1,3,0,27.734,27734,-2.99,9.33,-0.07,9.7976,0.0,0.0055,-0.024,16.38,90.81,265.06,-2.9039,8.87,-0.0213,9.3332,8
1,9,1,3,0,27.866,27866,-2.29,8.65,-0.17,8.9496,0.0196,0.0011,0.1145,15.44,90.75,266.0,-2.823,8.841,-0.0409,9.2808,8
1,9,1,3,0,28.0,28000,-2.42,8.89,-0.23,9.2164,0.0098,-0.0131,-0.0327,15.31,90.69,266.19,-2.7699,8.8474,-0.0658,9.2711,8
1,9,1,3,0,28.131,28131,-2.26,9.84,-0.29,10.1004,0.0218,-0.0196,0.1244,14.88,90.56,266.75,-2.7027,8.9782,-0.0953,9.3767,8
1,9,1,3,0,28.304,28304,-2.38,9.63,-0.49,9.9318,0.0284,-0.036,-0.1374,14.69,90.38,267.31,-2.6602,9.0641,-0.1473,9.4476,8
1,9,1,3,0,28.435,28435,-2.47,9.75,0.01,10.058,0.0415,-0.0338,-0.1396,14.81,90.25,267.44,-2.6351,9.1545,-0.1266,9.5271,8
1,9,1,3,0,28.565,28565,-2.72,9.34,0.15,9.7292,0.0633,-0.0327,0.0425,14.69,89.88,267.88,-2.6463,9.1789,-0.0902,9.5532,8
1,9,1,3,0,28.698,28698,-2.48,9.78,0.09,10.0899,0.0665,-0.0262,0.0567,14.06,89.5,268.81,-2.6244,9.2582,-0.0664,9.6232,8
1,9,1,3,0,28.829,28829,-2.99,10.27,0.12,10.6971,0.0535,-0.024,0.1178,13.56,89.06,269.56,-2.6726,9.3915,-0.0418,9.7644,8
1,9,1,3,0,28.963,28963,-2.65,11.21,0.4,11.5259,0.0349,-0.0218,0.0742,12.94,88.81,270.44,-2.6696,9.6311,0.0164,9.9943,8
1,9,1,3,0,29.094,29094,-2.37,10.66,0.42,10.9284,0.0065,-0.0109,0.2367,12.0,88.69,271.56,-2.6301,9.7667,0.0696,10.1149,8
1,9,1,3,0,29.225,29225,-1.74,9.74,0.29,9.8984,-0.0556,-0.0065,-0.012,10.88,88.88,272.69,-2.5128,9.7632,0.0986,10.0819,9
1,9,1,3,0,29.398,29398,-1.46,9.38,0.06,9.4931,-0.0938,0.0316,0.0425,9.63,89.56,273.69,-2.3741,9.7127,0.0935,9.9991,9
1,9,1,3,0,29.528,29528,-1.72,9.36,-0.21,9.519,-0.1014,0.06,-0.0305,9.81,90.31,273.06,-2.2879,9.6662,0.0535,9.9334,9
1,9,1,3,0,29.658,29658,-1.4,9.01,-0.14,9.1192,-0.0742,0.0687,-0.0502,9.75,90.88,272.5,-2.1709,9.5797,0.028,9.8227,9
1,9,1,3,0,29.789,29789,-1.75,9.42,-0.58,9.5987,-0.0796,0.0731,-0.1593,10.69,91.38,271.0,-2.1154,9.5587,-0.0521,9.7901,9
1,9,1,3,0,29.919,29919,-1.68,9.05,-0.37,9.212,-0.0764,0.0589,-0.3207,12.0,92.0,269.0,-2.0581,9.4917,-0.094,9.7127,9
1,9,1,3,0,30.052,30052,-2.24,9.23,-0.45,9.5086,-0.0829,0.0524,-0.3796,14.19,92.56,266.38,-2.082,9.4572,-0.1409,9.6847,9
1,9,1,3,0,30.183,30183,-2.99,10.19,-0.57,10.6349,-0.0807,0.0458,-0.4298,16.63,93.13,263.38,-2.2017,9.5537,-0.1974,9.8061,9
1,9,1,3,0,30.317,30317,-3.39,6.01,-0.53,6.9205,-0.012,0.06,0.0458,19.13,93.31,260.38,-2.3583,9.0868,-0.2413,9.3909,9
1,9,1,3,0,30.489,30489,-5.85,10.22,-0.72,11.7979,0.0262,0.0371,-0.6469,19.94,93.25,259.06,-2.8184,9.2361,-0.3044,9.6613,9
1,9,1,3,0,30.619,30619,-1.67,8.56,-0.46,8.7335,0.0742,0.0556,0.3523,16.75,92.5,261.94,-2.6671,9.147,-0.3249,9.5334,9
1,9,1,3,0,30.749,30749,-3.7,8.62,-0.51,9.3944,0.0884,0.024,-0.2029,17.5,91.88,261.13,-2.8032,9.0776,-0.3493,9.5069,9
1,9,1,3,0,30.879,30879,-2.81,7.58,-0.09,8.0846,0.1309,0.0022,0.0404,15.88,91.13,262.88,-2.8041,8.8802,-0.3151,9.3177,9
1,9,1,3,0,31.009,31009,-1.84,8.87,-0.41,9.0681,0.0185,-0.0393,0.0098,15.38,90.69,263.63,-2.677,8.8789,-0.3276,9.2795,9
1,10,1,3,0,31.139,31139,-2.38,9.17,0.0,9.4738,0.0382,-0.0644,0.0349,15.56,90.5,263.94,-2.6379,8.9172,-0.2844,9.3036,9
1,10,1,3,0,31.27,31270,-1.59,8.67,0.21,8.8171,0.0415,-0.0905,-0.0687,15.13,90.38,264.94,-2.4998,8.8847,-0.2193,9.2322,9
1,10,1,3,0,31.4,31400,-3.28,9.75,-0.27,10.2905,0.0327,-0.1069,0.0698,15.88,90.38,264.94,-2.6026,8.9987,-0.226,9.3702,9
1,10,1,3,0,31.573,31573,-2.13,9.41,-0.05,9.6482,0.0164,-0.1244,-0.0665,14.0,90.38,267.88,-2.5403,9.0529,-0.2028,9.4047,9
1,10,1,3,0,31.704,31704,-1.81,9.26,-0.12,9.436,0.0044,-0.1091,0.2476,12.75,90.5,270.0,-2.4441,9.0802,-0.1919,9.4053,9
1,10,1,3,0,31.835,31835,-2.08,9.55,-0.18,9.7755,-0.0011,-0.108,-0.0327,11.94,90.69,271.56,-2.3961,9.1421,-0.1903,9.4528,9
1,10,1,3,0,31.966,31966,-1.77,9.36,-0.2,9.528,0.0033,-0.0927,-0.1036,11.94,90.81,272.25,-2.3136,9.1708,-0.1916,9.4601,9
1,10,1,3,0,32.097,32097,-2.15,9.61,-0.12,9.8483,0.0185,-0.0545,0.1582,12.25,90.94,272.44,-2.2921,9.2287,-0.1821,9.5108,9
1,10,1,3,0,32.231,32231,-1.78,9.69,-0.33,9.8577,0.0305,-0.0284,0.0654,11.56,90.81,273.5,-2.2246,9.2895,-0.2016,9.5542,9
1,10,1,3,0,32.363,32363,-1.92,9.78,-0.05,9.9668,0.0305,0.0142,-0.0218,11.94,90.63,273.25,-2.1844,9.3541,-0.1817,9.6075,9
1,10,1,3,0,32.493,32493,-2.99,10.15,-0.1,10.5817,0.0404,0.036,-0.1713,12.75,90.25,272.25,-2.2906,9.459,-0.1709,9.7339,9
1,10,1,3,0,32.666,32666,-2.64,11.04,0.1,11.3517,0.0218,0.0654,-0.0033,12.94,89.88,271.69,-2.3366,9.6673,-0.1352,9.9466,9
1,10,1,3,0,32.797,32797,-2.47,10.79,0.03,11.0691,-0.0011,0.0709,-0.0295,12.94,89.69,271.19,-2.3542,9.8153,-0.1134,10.0943,9
1,10,1,3,0,32.927,32927,-1.87,9.67,0.04,9.8492,-0.0076,0.0709,0.1047,12.75,89.56,270.88,-2.2904,9.7961,-0.0932,10.0607,10
1,10,1,3,0,33.058,33058,-2.11,9.59,0.01,9.8194,-0.0229,0.0436,0.0884,12.31,89.69,270.81,-2.2666,9.769,-0.0796,10.0288,10
1,10,1,3,0,33.188,33188,-2.1,9.47,0.02,9.7001,-0.0338,0.0076,-0.0556,12.5,89.88,270.44,-2.2447,9.7296,-0.0665,9.9854,10
1,10,1,3,0,33.318,33318,-3.54,9.49,-0.15,10.1299,-0.0393,-0.0087,-0.1353,13.06,90.19,269.88,-2.4154,9.698,-0.0775,9.9946,10
1,10,1,3,0,33.449,33449,-1.82,9.51,0.01,9.6826,-0.0262,-0.0284,-0.1614,13.06,90.44,269.88,-2.3369,9.6732,-0.066,9.9517,10
1,10,1,3,0,33.579,33579,-3.25,9.26,-0.09,9.8142,0.0175,-0.0338,-0.2073,14.19,90.5,269.0,-2.4572,9.6188,-0.0691,9.9279,10
1,10,1,3,0,33.752,33752,-3.35,9.04,-0.06,9.6409,0.0338,-0.0295,-0.2062,15.75,90.5,267.69,-2.5749,9.5425,-0.0679,9.884,10
1,10,1,3,0,33.886,33886,-0.26,5.48,-0.03,5.4862,0.0262,-0.0284,0.2378,14.56,90.25,269.13,-2.2698,9.0072,-0.0629,9.289,10
1,10,1,3,0,34.017,34017,-3.83,9.47,-0.21,10.2173,0.0284,-0.0207,-0.0393,15.75,90.25,268.25,-2.4754,9.0682,-0.0823,9.4003,10
1,10,1,3,0,34.148,34148,-1.7,8.88,0.1,9.0418,0.024,-0.0175,-0.0731,14.38,90.0,269.75,-2.3732,9.0434,-0.0583,9.3498,10
1,10,1,3,0,34.278,34278,-3.38,8.77,0.0,9.3988,0.0295,-0.0055,0.0447,15.5,89.88,268.69,-2.5059,9.0073,-0.0506,9.3496,10
1,10,1,3,0,34.408,34408,-1.99,8.65,0.0,8.876,-0.0033,-0.0044,0.1254,14.19,89.75,270.06,-2.4379,8.9603,-0.0439,9.2861,10
1,10,1,3,0,34.539,34539,-1.27,8.08,-0.03,8.1793,0.0131,-0.0022,0.288,14.0,89.75,270.31,-2.284,8.8443,-0.0421,9.1345,10
1,10,1,3,0,34.669,34669,-2.12,8.14,0.08,8.4119,-0.0065,-0.012,-0.1058,13.94,89.81,270.44,-2.2624,8.7515,-0.026,9.0392,10
1,11,1,3,0,34.842,34842,-2.55,8.38,0.0,8.7594,0.0447,-0.0011,-0.2313,14.81,89.75,269.56,-2.3003,8.7025,-0.0226,9.0014,10
1,11,1,3,0,34.972,34972,-2.54,8.99,-0.19,9.3439,0.0,0.0076,-0.0327,15.06,89.63,269.31,-2.3319,8.7404,-0.0446,9.0462,10
1,11,1,3,0,35.103,35103,-2.12,9.57,-0.24,9.8049,0.0196,0.0196,0.1451,14.38,89.5,269.94,-2.304,8.8497,-0.0704,9.145,10
1,11,1,3,0,35.233,35233,-3.0,9.55,0.09,10.0105,0.0153,0.0273,0.0229,15.06,89.31,269.19,-2.3957,8.942,-0.0493,9.2575,10
1,11,1,3,0,35.363,35363,-2.2,9.48,0.05,9.7321,0.0109,0.0382,0.168,14.31,89.19,269.75,-2.3699,9.0129,-0.0362,9.3193,10
1,11,1,3,0,35.494,35494,-2.56,9.46,0.39,9.808,0.0185,0.0524,0.1844,14.38,89.06,269.38,-2.395,9.0718,0.02,9.3826,10
1,11,1,3,0,35.624,35624,-2.89,10.09,-0.03,10.4958,-0.0087,0.0469,-0.1364,14.13,89.0,269.31,-2.4602,9.206,0.0134,9.529,10
1,11,1,3,0,35.755,35755,-2.13,10.27,0.19,10.4903,-0.0011,0.048,0.0098,13.5,88.88,269.5,-2.4167,9.3462,0.0367,9.6536,10
1,11,1,3,0,35.932,35932,-2.39,10.23,0.23,10.508,0.0098,0.0415,0.1134,13.75,88.75,268.88,-2.4132,9.4627,0.0621,9.7657,10
1,11,1,3,0,36.063,36063,-2.82,10.8,0.21,11.1641,-0.0131,0.0251,-0.1113,14.38,88.69,268.06,-2.4668,9.6389,0.0816,9.9499,10
1,11,1,3,0,36.193,36193,-2.51,10.93,0.33,11.2194,-0.0295,0.0142,-0.0796,14.5,88.81,267.75,-2.4725,9.809,0.1144,10.1165,10
1,11,1,3,0,36.324,36324,-2.02,10.2,0.19,10.3998,-0.0251,-0.0033,0.0633,14.31,88.94,267.88,-2.4128,9.8605,0.1243,10.1522,10
1,11,1,3,0,36.454,36454,-2.18,9.66,0.18,9.9046,-0.0229,-0.0207,0.0764,14.5,89.19,267.75,-2.3822,9.8341,0.1317,10.1194,10
1,11,1,3,0,36.584,36584,-2.24,9.4,0.12,9.664,-0.0273,-0.0393,0.0873,14.56,89.44,267.88,-2.3634,9.7769,0.1301,10.0594,10
1,11,1,3,0,36.714,36714,-2.6,9.1,-0.01,9.4641,-0.0393,-0.0567,-0.0316,14.94,89.75,267.81,-2.3946,9.6877,0.1117,9.9799,10
1,11,1,3,0,36.845,36845,-3.11,9.08,-0.03,9.5979,-0.0327,-0.072,-0.2727,15.44,90.13,267.69,-2.4889,9.6076,0.093,9.9252,10
1,11,1,3,0,37.018,37018,-3.81,10.43,-0.33,11.109,-0.0349,-0.0731,-0.444,17.81,90.75,265.88,-2.663,9.716,0.0373,10.0744,10
1,11,1,3,0,37.149,37149,-0.8,3.8,-0.14,3.8858,0.0207,-0.0273,0.3829,18.13,90.75,265.88,-2.4175,8.9364,0.0139,9.2576,10
1,11,1,3,0,37.279,37279,-2.31,10.18,0.48,10.4498,0.024,-0.0316,-0.6283,16.69,90.81,267.5,-2.4033,9.1003,0.0753,9.4126,10
1,11,1,3,0,37.41,37410,-0.98,8.72,-0.01,8.7749,0.0545,0.024,0.7101,16.19,90.44,268.13,-2.2158,9.0502,0.0641,9.3177,10
1,11,1,3,0,37.542,37542,-3.01,9.24,-0.05,9.718,0.0665,-0.0076,0.0371,17.19,90.06,267.31,-2.3204,9.0752,0.049,9.3673,10
1,12,1,3,0,37.676,37676,-3.68,8.85,-0.1,9.5851,0.0807,-0.0196,0.2443,18.13,89.5,266.69,-2.4996,9.0455,0.0294,9.3846,10
1,12,1,3,0,37.807,37807,-2.84,9.4,-0.06,9.8198,0.0589,-0.036,-0.3458,17.0,89.06,268.13,-2.5444,9.0922,0.0176,9.4416,10
1,12,1,3,0,37.937,37937,-2.59,9.0,-0.12,9.366,0.0524,-0.0196,0.0044,17.63,88.69,267.81,-2.5504,9.0801,-0.0005,9.4315,10
1,12,1,3,0,38.11,38110,-2.1,8.92,0.0,9.1639,0.0196,-0.0316,-0.336,17.56,88.75,268.13,-2.4911,9.059,-0.0004,9.3952,10
1,12,1,3,0,38.24,38240,-3.31,8.81,0.08,9.4116,-0.0196,-0.024,0.1047,19.19,88.88,266.75,-2.599,9.0262,0.0102,9.3929,10
1,12,1,3,0,38.37,38370,-3.45,8.9,0.23,9.5481,-0.036,-0.0218,-0.0905,19.31,89.13,266.75,-2.7111,9.0095,0.0391,9.4087,10
