participant,rep,equipment_code,exercise_code,timestamp,timestamp_ms,accelX,accelY,accelZ,accelMag,gyroX,gyroY,gyroZ,roll,pitch,yaw,filteredX,filteredY,filteredZ,filteredMag,rep_original
1,1,0,0,0.0,0,-7.86,5.28,1.02,9.5236,-0.2127,0.1069,-0.1342,55.31,79.88,352.63,-7.7624,5.5687,0.7659,9.584,1
1,1,0,0,0.121,121,-8.17,5.5,0.89,9.8889,-0.3752,0.1778,-0.0393,55.88,80.44,349.63,-7.8161,5.5596,0.7823,9.6236,1
1,1,0,0,0.242,242,-7.7,5.65,0.85,9.5883,-0.2443,0.1931,0.0556,55.38,80.56,346.75,-7.8008,5.5716,0.7912,9.6188,1
1,1,0,0,0.404,404,-7.89,5.6,0.74,9.7036,-0.0196,-0.0273,0.0316,54.69,81.13,345.63,-7.8126,5.5753,0.7845,9.6299,1
1,1,0,0,0.53,530,-7.94,5.5,0.81,9.6928,0.1134,-0.0142,-0.0469,54.81,80.88,345.88,-7.8294,5.5654,0.7878,9.6381,1
1,1,0,0,0.652,652,-7.86,5.39,0.94,9.5768,0.0884,-0.0524,0.0316,54.88,80.44,346.31,-7.8334,5.5423,0.8079,9.6297,1
1,1,0,0,0.773,773,-7.94,5.37,0.91,9.6285,0.0458,-0.0022,-0.0436,54.94,80.31,346.44,-7.8475,5.5196,0.8213,9.6293,1
1,1,0,0,0.894,894,-7.88,5.31,0.99,9.5536,0.0185,-0.0033,-0.0076,55.19,80.06,346.13,-7.8517,5.492,0.8436,9.6189,1
1,1,0,0,1.014,1014,-7.98,5.54,0.94,9.7599,-0.0316,0.0022,0.0196,55.06,80.25,346.19,-7.8686,5.4983,0.8563,9.6374,1
1,1,0,0,1.136,1136,-7.95,6.29,1.16,10.2035,-0.0164,0.0164,0.1025,54.75,80.25,346.25,-7.8794,5.6026,0.8963,9.7096,1
1,1,0,0,1.262,1262,-7.95,6.97,1.21,10.6418,0.0818,-0.0284,0.7483,51.69,80.69,349.44,-7.8887,5.7828,0.9376,9.826,1
1,1,0,0,1.424,1424,-5.97,8.05,1.48,10.1308,0.1353,0.1145,1.5697,39.81,80.94,1.38,-7.6358,6.0816,1.0091,9.8138,1
1,1,0,0,1.545,1545,-5.45,9.28,1.41,10.854,0.1407,0.3,1.3603,30.19,80.38,8.94,-7.3478,6.503,1.0619,9.8695,1
1,1,0,0,1.666,1666,-4.2,10.08,1.77,11.0625,0.3469,0.3458,1.7006,20.06,78.44,17.69,-6.933,6.9744,1.1552,9.9017,1
1,1,0,0,1.787,1787,-2.22,9.62,2.53,10.1918,0.577,0.3338,1.9428,7.0,75.31,29.56,-6.312,7.323,1.3364,9.7598,1
1,1,0,0,1.911,1911,-0.47,9.07,2.88,9.5279,0.192,0.4745,2.0388,-6.5,72.63,40.81,-5.5421,7.5532,1.5398,9.4941,1
1,1,0,0,2.035,2035,2.42,8.62,2.39,9.2668,-0.0273,0.1767,1.8577,-20.94,72.0,53.31,-4.4929,7.6938,1.6518,9.0614,1
1,1,0,0,2.156,2156,3.61,7.24,2.79,8.5577,-0.0273,0.1538,1.5752,-31.38,70.63,63.56,-3.4252,7.634,1.8018,8.559,1
1,1,0,0,2.277,2277,5.25,6.25,2.89,8.6589,-0.48,0.2749,1.5501,-41.31,70.88,73.75,-2.282,7.4516,1.9452,8.0323,1
1,1,0,0,2.439,2439,7.75,3.62,1.95,8.7732,-0.5847,0.3709,0.9108,-54.25,76.06,87.69,-0.96,6.9467,1.9458,7.2777,1
1,1,0,0,2.559,2559,7.4,3.39,1.3,8.2427,-0.0284,-0.0545,0.0196,-57.31,78.19,92.19,0.1416,6.478,1.8607,6.7415,1
1,1,0,0,2.68,2680,6.89,4.58,1.47,8.4029,0.6021,-0.0065,-1.4214,-52.88,76.5,86.0,1.0309,6.2279,1.8092,6.5668,1
1,2,0,0,2.801,2801,5.73,5.68,1.81,8.2687,0.4745,-0.1604,-1.9537,-41.88,75.0,72.81,1.6501,6.1557,1.8093,6.6249,2
1,2,0,0,2.927,2927,2.33,7.82,1.92,8.3826,0.0055,-0.228,-2.2766,-27.19,75.13,58.38,1.7397,6.375,1.8239,6.8552,2
1,2,0,0,3.048,3048,1.34,10.11,1.81,10.3578,-0.3272,-0.0087,-1.7486,-13.25,77.5,44.81,1.687,6.8672,1.8221,7.3024,2
1,2,0,0,3.169,3169,-1.06,10.26,1.37,10.4052,-0.3316,-0.2705,-2.234,0.06,80.13,32.44,1.325,7.3143,1.7625,7.6394,2
1,2,0,0,3.29,3290,-3.88,9.95,1.47,10.7804,-0.1516,-0.2858,-1.8424,14.63,81.56,19.56,0.6391,7.6616,1.724,7.8791,2
1,2,0,0,3.453,3453,-5.41,9.3,1.28,10.835,-0.0873,-0.2913,-1.597,28.13,82.75,7.81,-0.158,7.8775,1.6655,8.0532,2
1,2,0,0,3.577,3577,-6.17,8.29,1.15,10.3979,-0.0295,-0.2934,-1.045,37.44,83.56,359.81,-0.9502,7.9319,1.5975,8.1467,2
1,2,0,0,3.698,3698,-6.7,7.59,0.77,10.1534,0.0698,-0.1745,-0.7581,42.94,84.31,355.75,-1.7079,7.8868,1.4885,8.2057,2
1,2,0,0,3.82,3820,-7.19,6.67,0.6,9.8257,0.1451,-0.1811,-0.7789,48.5,84.19,351.56,-2.4303,7.7265,1.3714,8.2149,2
1,2,0,0,3.941,3941,-7.9,6.04,0.49,9.9565,0.1014,-0.1724,-0.3731,52.44,84.44,349.0,-3.1511,7.5042,1.2553,8.2352,2
1,2,0,0,4.062,4062,-8.07,6.4,0.57,10.3155,0.0589,-0.0927,-0.252,54.06,84.88,348.38,-3.7992,7.3587,1.165,8.3631,2
1,2,0,0,4.183,4183,-8.06,6.57,0.89,10.4365,-0.0131,0.0371,0.3142,53.63,84.5,348.94,-4.3607,7.2548,1.1287,8.5394,2
1,2,0,0,4.304,4304,-7.47,7.72,0.87,10.7776,-0.1178,0.2073,1.0876,47.94,84.63,354.31,-4.7704,7.3161,1.0946,8.8023,2
1,2,0,0,4.471,4471,-6.19,8.3,1.08,10.4102,-0.0447,0.396,1.4573,36.63,83.31,2.44,-4.9575,7.4457,1.0927,9.0117,2
1,2,0,0,4.593,4593,-4.85,8.23,0.96,9.6009,0.2236,0.4298,1.4301,26.19,81.69,10.38,-4.9433,7.5491,1.0752,9.0874,2
1,2,0,0,4.713,4713,-4.09,8.66,1.6,9.71,0.3251,0.2334,1.0057,18.0,79.38,17.5,-4.8309,7.6955,1.1444,9.1579,2
1,2,0,0,4.834,4834,-2.49,9.03,2.0,9.5782,0.0938,0.4014,1.0123,11.19,77.75,22.69,-4.5224,7.8713,1.2571,9.1646,2
1,2,0,0,4.956,4956,-0.91,9.36,1.85,9.5844,0.1244,0.3,0.9065,3.88,77.25,27.69,-4.0464,8.0675,1.3352,9.1236,2
1,2,0,0,5.076,5076,-0.4,8.79,2.38,9.1153,0.2913,0.2149,0.7527,-1.5,75.75,31.75,-3.5659,8.1627,1.4729,9.0286,2
1,2,0,0,5.198,5198,0.68,9.45,2.84,9.8909,0.168,0.0927,0.6272,-6.94,74.25,36.38,-3.0064,8.3323,1.6531,9.011,2
1,2,0,0,5.324,5324,1.77,9.45,3.1,10.1018,0.1593,0.216,0.6818,-11.75,73.06,38.63,-2.377,8.4796,1.8437,8.9974,2
1,2,0,0,5.487,5487,2.69,8.68,3.03,9.5791,0.0338,0.2498,0.7603,-17.88,72.63,43.0,-1.7093,8.506,2.0001,8.9036,2
1,2,0,0,5.607,5607,3.76,8.48,2.83,9.6983,0.2651,0.108,0.7963,-23.75,71.44,46.31,-0.9886,8.5026,2.1094,8.816,2
1,2,0,0,5.728,5728,3.62,8.13,3.23,9.4675,0.3567,0.0993,0.8018,-27.88,68.56,47.25,-0.3813,8.4535,2.2571,8.7579,2
1,2,0,0,5.85,5850,5.32,7.63,3.82,10.0554,0.0807,0.1963,0.661,-33.56,66.31,49.88,0.37,8.345,2.463,8.7087,2
1,2,0,0,5.976,5976,5.39,7.19,3.21,9.5421,0.0262,0.2105,0.7101,-37.75,65.88,52.38,1.0315,8.1928,2.5615,8.6456,2
1,2,0,0,6.098,6098,6.23,6.69,3.36,9.7395,0.1276,0.1265,0.7101,-43.13,64.31,56.56,1.7165,7.9948,2.6667,8.6008,2
1,2,0,0,6.218,6218,6.67,6.08,3.3,9.6096,0.108,0.0818,0.6447,-47.25,62.19,59.88,2.3693,7.7424,2.7501,8.5512,2
1,2,0,0,6.339,6339,7.28,5.41,3.36,9.6724,0.0185,0.2203,0.6905,-52.06,59.38,64.5,3.0164,7.4351,2.8305,8.5083,2
1,2,0,0,6.502,6502,7.56,3.14,2.5,8.5594,-0.168,-0.1429,0.4647,-57.88,56.88,70.94,3.6151,6.8691,2.787,8.2475,2
1,2,0,0,6.624,6624,7.3,3.24,2.79,8.46,0.0175,-0.0207,-0.8378,-56.5,56.94,70.38,4.1007,6.3909,2.7874,8.0888,2
1,2,0,0,6.749,6749,6.97,4.59,3.06,8.8889,-0.0851,-0.0785,-1.3635,-48.88,63.06,61.44,4.4788,6.1536,2.8233,8.1177,3
1,2,0,0,6.87,6870,5.17,7.06,2.77,9.1785,-0.2073,-0.156,-1.6024,-39.25,67.25,51.25,4.5699,6.273,2.8163,8.2563,3
1,2,0,0,6.991,6991,3.78,8.24,2.8,9.4882,-0.324,-0.0949,-1.3603,-29.81,70.81,42.63,4.4658,6.5322,2.8141,8.3984,3
1,2,0,0,7.111,7111,2.44,9.07,2.7,9.7728,-0.4581,-0.1145,-1.4726,-20.38,74.56,34.25,4.1988,6.8666,2.7991,8.5215,3
1,2,0,0,7.232,7232,1.25,9.6,2.1,9.9062,-0.3065,-0.0764,-1.2446,-11.44,77.88,26.31,3.8103,7.2268,2.707,8.6065,3
1,2,0,0,7.353,7353,-0.58,10.06,1.75,10.2275,-0.0884,-0.1931,-1.5403,-2.0,79.25,17.94,3.2317,7.6002,2.5809,8.6526,3
1,2,0,0,7.516,7516,-2.41,9.08,1.81,9.5672,-0.0611,-0.2683,-1.4628,10.81,79.5,6.75,2.4883,7.7952,2.4793,8.55,3
1,2,0,0,7.641,7641,-4.41,9.17,1.57,10.2957,-0.1614,-0.1669,-1.4966,21.44,80.13,357.25,1.5793,7.9763,2.3595,8.4666,3
1,2,0,0,7.762,7762,-5.3,8.93,1.14,10.4467,-0.1429,-0.2018,-1.1203,30.5,81.44,348.75,0.6728,8.102,2.1988,8.422,3
1,2,0,0,7.883,7883,-5.94,7.9,0.84,9.9196,0.0938,-0.4211,-0.9872,37.44,82.31,343.56,-0.1986,8.0754,2.0197,8.3265,3
1,2,0,0,8.004,8004,-7.27,6.91,0.78,10.0603,0.2629,-0.3589,-0.973,44.38,82.63,339.56,-1.1305,7.9218,1.8564,8.2146,3
1,3,0,0,8.125,8125,-7.67,6.04,0.77,9.793,0.1658,-0.4549,-0.8367,50.5,83.44,336.44,-1.9922,7.6738,1.7132,8.1112,3
1,3,0,0,8.246,8246,-8.22,5.92,0.4,10.1378,0.2913,-0.3851,-0.7363,56.0,85.38,333.88,-2.8129,7.4427,1.5402,8.1042,3
1,3,0,0,8.367,8367,-8.61,5.68,0.7,10.3385,0.636,-0.3523,-0.4222,60.13,85.19,333.81,-3.5768,7.2104,1.4294,8.1748,3
1,3,0,0,8.53,8530,-8.81,5.81,0.89,10.5908,0.2323,-0.1505,0.8094,57.94,85.5,341.13,-4.2664,7.0259,1.3584,8.3313,3
1,3,0,0,8.655,8655,-8.19,6.85,0.83,10.7092,-0.1167,0.5072,1.2021,50.06,84.31,348.06,-4.7834,7.0027,1.2887,8.5779,3
1,3,0,0,8.776,8776,-6.58,7.54,1.04,10.0613,-0.3534,0.745,1.5959,39.81,82.5,356.19,-5.0202,7.0735,1.256,8.7644,3
1,3,0,0,8.896,8896,-5.05,8.52,0.93,9.9478,-0.2378,0.4723,1.4344,29.13,82.88,2.44,-5.0241,7.2641,1.213,8.9152,3
1,3,0,0,9.018,9018,-4.22,9.29,0.88,10.2414,0.1778,0.2738,1.0297,21.19,82.5,8.38,-4.9181,7.5311,1.1691,9.0704,3
1,3,0,0,9.138,9138,-3.07,9.32,1.55,9.9343,0.348,0.4418,1.5403,13.38,80.31,14.56,-4.6746,7.7668,1.2193,9.1467,3
1,3,0,0,9.259,9259,-1.1,9.39,2.06,9.676,0.0065,0.4745,1.4879,2.31,78.81,22.63,-4.2036,7.9807,1.3301,9.1176,3
1,3,0,0,9.38,9380,0.9,9.19,1.58,9.3682,-0.0305,0.4396,1.6406,-8.38,79.44,30.5,-3.531,8.1401,1.363,8.977,3
1,3,0,0,9.547,9547,2.58,8.75,1.52,9.2482,0.1385,0.2509,1.2774,-21.06,79.0,40.81,-2.7258,8.2204,1.3837,8.7704,3
1,3,0,0,9.669,9669,4.55,7.84,1.75,9.232,0.1364,0.1974,1.1399,-30.0,77.69,47.75,-1.767,8.1703,1.432,8.481,3
1,3,0,0,9.789,9789,5.14,6.92,1.78,8.802,-0.1069,0.1702,1.0177,-36.88,77.25,54.06,-0.8568,8.0056,1.4778,8.1858,3
1,3,0,0,9.91,9910,6.74,7.16,1.45,9.9396,-0.1353,0.0611,0.8323,-43.38,78.13,60.44,0.1442,7.8941,1.4742,8.0319,3
1,3,0,0,10.032,10032,6.77,6.73,1.82,9.7179,0.2356,0.0774,0.5181,-47.31,76.94,63.88,1.0173,7.7407,1.5197,7.9538,3
1,3,0,0,10.152,10152,7.45,5.78,1.95,9.6288,0.3174,-0.2847,0.7112,-52.0,72.75,68.06,1.865,7.4824,1.5764,7.8708,3
1,4,0,0,10.274,10274,6.31,5.58,2.49,8.7837,0.9392,-0.3425,0.1734,-52.81,64.94,65.81,2.4507,7.2317,1.6968,7.8219,3
1,4,0,0,10.4,10400,8.0,2.82,3.88,9.3277,0.288,-0.1134,0.4898,-55.0,57.25,64.81,3.182,6.6503,1.9845,7.6348,3
1,4,0,0,10.563,10563,7.75,4.01,3.25,9.3116,-0.2694,0.1014,-0.2193,-53.38,59.75,63.38,3.7839,6.3024,2.1513,7.6594,4
1,4,0,0,10.684,10684,6.96,5.72,2.9,9.4641,-0.1898,-0.0829,-1.0592,-50.0,63.63,60.31,4.2025,6.2257,2.2499,7.841,4
1,4,0,0,10.805,10805,5.78,7.11,3.11,9.6764,0.0196,-0.0185,-1.1345,-41.94,67.13,51.25,4.4103,6.3422,2.3633,8.0783,4
1,4,0,0,10.927,10927,6.0,6.15,2.88,9.0618,-0.1047,-0.1636,-0.6305,-38.25,68.31,47.88,4.6198,6.3169,2.4314,8.1949,4
1,4,0,0,11.052,11052,3.5,7.34,2.76,8.5874,-0.1571,-0.1833,-1.9351,-27.5,71.06,38.31,4.4723,6.4517,2.4747,8.231,4
1,4,0,0,11.173,11173,1.63,9.94,2.63,10.4104,-0.168,-0.192,-1.5643,-16.31,73.13,28.63,4.0977,6.9114,2.4951,8.4133,4
1,4,0,0,11.294,11294,1.51,9.38,2.73,9.8852,-0.2007,-0.2629,-1.2326,-7.25,74.63,20.5,3.7567,7.2367,2.5261,8.536,4
1,4,0,0,11.415,11415,-1.22,9.65,2.31,9.9973,-0.276,-0.2443,-1.3352,2.31,76.31,12.75,3.1009,7.5547,2.4976,8.5397,4
1,4,0,0,11.577,11577,-1.71,9.39,1.86,9.724,-0.3033,-0.1702,-0.7909,10.38,78.94,6.06,2.467,7.7965,2.4136,8.5263,4
1,4,0,0,11.702,11702,-3.37,9.75,1.62,10.4424,-0.228,-0.1156,-0.8149,16.69,80.69,0.31,1.6978,8.0539,2.309,8.5487,4
1,4,0,0,11.823,11823,-3.38,8.74,1.44,9.4808,-0.0502,-0.1254,-0.6556,21.25,81.44,356.13,1.0287,8.1443,2.1945,8.4973,4
1,4,0,0,11.945,11945,-4.87,8.13,1.27,9.5617,-0.0164,-0.0654,-1.0647,27.63,81.63,350.94,0.2514,8.1425,2.0727,8.4059,4
1,4,0,0,12.066,12066,-5.91,7.75,1.15,9.8139,-0.0633,-0.0884,-1.1301,35.25,81.31,344.63,-0.5605,8.0907,1.9511,8.3415,4
1,4,0,0,12.187,12187,-6.63,7.39,0.93,9.9717,-0.1789,-0.18,-0.8563,41.94,82.19,339.69,-1.3603,7.9984,1.8165,8.3141,4
1,4,0,0,12.308,12308,-7.35,6.92,0.44,10.1046,-0.1014,-0.2389,-0.9228,47.81,84.13,335.06,-2.1496,7.8563,1.6351,8.3076,4
1,4,0,0,12.429,12429,-8.16,6.21,0.43,10.2633,0.192,-0.0774,-0.9272,54.06,84.44,331.56,-2.9416,7.6394,1.4763,8.3182,4
1,4,0,0,12.596,12596,-8.13,4.75,1.22,9.4946,0.5847,0.1254,-0.7461,61.13,77.13,328.25,-3.6253,7.2586,1.4426,8.2408,4
1,4,0,0,12.718,12718,-8.74,3.83,1.25,9.6239,0.613,-0.3502,-0.4778,66.0,72.44,327.19,-4.2993,6.8068,1.4172,8.1747,4
1,4,0,0,12.839,12839,-9.36,2.9,0.88,9.8384,0.6349,-0.5051,-0.2771,69.44,73.5,329.19,-4.9662,6.292,1.3464,8.128,4
1,4,0,0,12.96,12960,-9.87,3.32,0.84,10.4472,0.3174,-0.252,0.1789,70.88,76.19,334.0,-5.6124,5.9004,1.2797,8.2432,4
1,4,0,0,13.082,13082,-9.21,4.15,1.02,10.1532,-0.0175,0.0491,1.0396,66.56,79.38,339.44,-6.0865,5.6697,1.2454,8.4108,4
1,4,0,0,13.203,13203,-8.21,5.05,0.93,9.6836,-0.1876,0.3305,0.8639,59.38,80.06,345.19,-6.3663,5.588,1.2039,8.556,4
1,4,0,0,13.323,13323,-8.13,5.57,1.12,9.9185,-0.252,0.3567,0.6185,54.81,79.0,347.06,-6.5987,5.5857,1.1928,8.7273,4
1,4,0,0,13.449,13449,-7.39,6.36,1.09,9.8107,-0.2062,0.3567,0.8159,49.06,79.19,350.88,-6.703,5.6877,1.1793,8.8696,4
1,4,0,0,13.611,13611,-6.54,7.18,1.36,9.8068,-0.0262,0.2509,0.7898,41.56,78.19,355.31,-6.6815,5.8844,1.2031,8.9842,4
1,4,0,0,13.733,13733,-5.9,7.63,1.43,9.7505,-0.0142,0.1745,0.9054,35.63,78.44,0.25,-6.5785,6.1144,1.233,9.0655,4
1,4,0,0,13.853,13853,-5.16,8.54,1.7,10.1216,0.0687,0.2476,0.853,29.94,78.06,4.88,-6.3916,6.434,1.2945,9.161,4
1,4,0,0,13.974,13974,-3.8,8.45,1.94,9.466,0.2083,0.1996,1.0014,23.31,77.06,10.5,-6.0501,6.6997,1.3796,9.1319,5
1,4,0,0,14.096,14096,-3.37,9.0,2.19,9.8566,0.3643,0.1233,0.6294,18.06,75.25,15.0,-5.6969,7.0028,1.4864,9.149,5
1,4,0,0,14.217,14217,-2.39,8.96,2.92,9.7221,0.6163,0.2825,0.6643,14.0,71.94,17.56,-5.2612,7.2607,1.6753,9.1216,5
1,4,0,0,14.338,14338,-1.9,9.44,3.51,10.2491,0.8607,0.0796,0.3403,10.0,67.06,19.81,-4.8182,7.5479,1.9171,9.1576,5
1,4,0,0,14.463,14463,-1.59,8.65,5.03,10.1317,0.8759,0.2291,0.6447,6.69,60.88,22.06,-4.3928,7.6931,2.3273,9.1595,5
1,4,0,0,14.625,14625,-0.37,8.18,5.38,9.7976,0.2574,0.3905,0.9021,-1.06,56.56,27.19,-3.8627,7.7573,2.7295,9.0855,5
1,4,0,0,14.747,14747,1.02,8.12,5.3,9.7501,0.2094,0.2847,1.1672,-7.94,55.0,31.31,-3.2193,7.8051,3.0683,8.9832,5
1,4,0,0,14.867,14867,1.98,7.51,5.46,9.4938,0.4211,0.1124,0.8738,-14.25,52.13,36.5,-2.5342,7.7662,3.3834,8.8421,5
1,4,0,0,14.989,14989,2.84,6.31,6.66,9.604,0.3938,0.2149,0.9479,-19.19,48.31,40.81,-1.826,7.5743,3.8152,8.6753,5
1,4,0,0,15.115,15115,3.74,6.17,5.97,9.3647,0.4287,0.2553,0.9567,-25.13,44.75,45.63,-1.0925,7.3892,4.0991,8.5204,5
1,4,0,0,15.236,15236,4.15,5.5,6.21,9.2756,0.3131,-0.0807,0.8323,-29.81,39.5,50.63,-0.4017,7.1403,4.3773,8.3849,5
1,4,0,0,15.356,15356,4.89,4.21,7.37,9.7956,0.1745,-0.0185,0.8956,-32.94,34.75,56.0,0.2956,6.7542,4.7717,8.2749,5
1,4,0,0,15.477,15477,5.29,3.45,7.06,9.4726,-0.2553,0.4058,0.9937,-37.06,32.56,61.31,0.9537,6.3188,5.0732,8.1593,5
1,4,0,0,15.64,15640,6.41,4.26,5.94,9.7221,-0.7221,0.36,0.7887,-44.56,33.56,70.38,1.6727,6.0475,5.1874,8.1412,5
1,4,0,0,15.76,15760,7.22,3.33,4.98,9.3818,-0.3065,0.2891,0.8029,-49.31,33.69,76.63,2.4037,5.6894,5.1601,8.0482,5
1,4,0,0,15.898,15898,7.02,1.1,4.62,8.4755,0.1407,0.0829,0.2858,-52.31,31.0,80.13,3.012,5.0846,5.0889,7.7989,5
1,5,0,0,16.018,16018,7.04,1.78,5.01,8.8221,-0.0087,-0.288,-1.2577,-50.0,33.38,76.69,3.5428,4.6491,5.0785,7.7432,5
1,5,0,0,16.139,16139,5.48,4.01,5.09,8.4864,0.096,-0.48,-1.765,-41.38,40.19,66.69,3.7981,4.5649,5.08,7.8148,5
1,5,0,0,16.26,16260,3.9,5.84,5.93,9.1913,0.1156,-0.6,-2.1446,-29.75,44.5,53.69,3.8115,4.7329,5.192,7.9929,5
1,5,0,0,16.381,16381,1.94,7.61,6.56,10.2328,-0.1963,-0.4396,-1.8533,-17.25,47.94,41.31,3.5649,5.1121,5.3723,8.2282,5
1,5,0,0,16.502,16502,1.01,7.59,6.31,9.9219,-0.3938,-0.3251,-1.165,-8.19,51.06,32.81,3.2282,5.4386,5.4959,8.3788,5
1,5,0,0,16.67,16670,-0.69,8.83,5.38,10.3629,-0.8421,-0.1244,-1.1726,2.0,57.13,23.19,2.7119,5.8855,5.4806,8.4871,5
1,5,0,0,16.791,16791,-1.1,8.78,4.16,9.7777,-0.7341,-0.132,-0.4592,6.94,63.0,18.13,2.2096,6.2669,5.3066,8.5039,5
1,5,0,0,16.911,16911,-2.35,8.76,3.54,9.7361,-0.5007,-0.3763,-1.1966,12.69,66.88,13.44,1.6088,6.5954,5.0738,8.4753,5
1,5,0,0,17.032,17032,-3.85,8.3,3.22,9.6995,-0.3589,-0.3349,-0.9196,20.44,69.38,7.06,0.8894,6.8201,4.8295,8.4041,5
1,5,0,0,17.154,17154,-4.91,7.85,2.75,9.6588,-0.4658,-0.2258,-1.1836,27.56,71.81,1.06,0.1252,6.9558,4.5555,8.3157,5
1,5,0,0,17.275,17275,-6.15,8.29,1.92,10.4992,-0.5912,-0.1113,-1.0865,35.63,74.75,352.06,-0.7017,7.1316,4.2082,8.3103,5
1,5,0,0,17.397,17397,-6.15,7.76,1.38,9.9972,-0.5749,-0.1342,-0.6676,40.75,78.13,345.31,-1.4196,7.2144,3.8355,8.293,5
1,5,0,0,17.522,17522,-7.22,7.29,0.68,10.2827,-0.4211,-0.2149,-0.8519,45.81,82.06,339.25,-2.184,7.2244,3.4197,8.2859,5
1,5,0,0,17.684,17684,-7.9,5.67,0.33,9.7297,-0.1833,0.1124,-0.9479,54.06,84.88,332.25,-2.9372,7.0195,3.0125,8.1839,5
1,5,0,0,17.805,17805,-7.86,4.58,1.16,9.1707,0.1865,0.6109,-1.3417,61.19,78.25,325.44,-3.5859,6.6981,2.7684,8.0862,5
1,5,0,0,17.926,17926,-9.2,3.3,0.96,9.821,0.1549,-0.8116,-0.9185,69.94,73.94,319.25,-4.3257,6.2503,2.5301,8.0112,5
1,5,0,0,18.047,18047,-10.67,5.39,-0.28,11.9574,0.0622,-1.1705,1.2097,68.63,96.13,326.69,-5.1617,6.1369,2.1598,8.3048,5
1,5,0,0,18.169,18169,-8.09,6.61,0.0,10.447,0.0644,0.3927,1.4377,58.06,97.5,338.88,-5.5476,6.1993,1.8752,8.5278,5
1,5,0,0,18.29,18290,-7.62,6.67,0.08,10.1272,-0.3316,0.3894,0.9872,51.19,92.75,343.69,-5.8207,6.2613,1.6387,8.7046,5
1,5,0,0,18.415,18415,-7.32,7.53,-0.27,10.5051,-0.4843,0.4134,1.7715,41.88,92.81,349.19,-6.0183,6.4285,1.3871,8.9145,5
1,5,0,0,18.537,18537,-4.87,8.9,-0.57,10.1613,-0.3643,0.5291,1.5119,29.75,92.88,356.38,-5.8669,6.7542,1.1292,9.0175,5
1,5,0,0,18.698,18698,-3.28,9.52,-0.32,10.0743,0.3283,0.3163,1.5348,17.13,91.25,5.69,-5.526,7.1186,0.9383,9.0605,5
1,5,0,0,18.819,18819,-1.89,8.88,0.45,9.09,0.4669,0.3229,1.4083,7.19,87.63,14.13,-5.0469,7.3507,0.8739,8.9593,6
1,5,0,0,18.94,18940,-0.49,8.61,0.8,8.661,-0.0764,0.4538,1.3897,-2.06,86.13,21.13,-4.4464,7.5167,0.8642,8.776,6
1,5,0,0,19.064,19064,1.78,8.69,0.03,8.8705,-0.54,0.5411,1.4399,-12.13,88.94,28.19,-3.6259,7.6713,0.7543,8.5185,6
1,5,0,0,19.188,19188,3.4,9.45,-0.66,10.0647,-0.3512,0.3272,0.8268,-19.44,93.38,33.25,-2.7001,7.9057,0.5679,8.3733,6
1,5,0,0,19.309,19309,4.12,9.77,-0.93,10.6439,0.3087,0.0098,0.7123,-24.38,93.81,37.44,-1.8014,8.1513,0.3705,8.3562,6
1,5,0,0,19.43,19430,4.51,8.59,-0.19,9.7038,0.5007,-0.1833,0.865,-30.31,90.38,42.38,-0.9697,8.2091,0.2967,8.2715,6
1,5,0,0,19.551,19551,5.16,7.25,1.06,8.9617,0.1211,0.1604,1.1737,-36.88,88.0,47.81,-0.162,8.0828,0.3972,8.0941,6
1,5,0,0,19.714,19714,6.8,6.89,0.43,9.69,-0.0644,0.4091,1.0036,-46.06,90.38,53.13,0.7554,7.9256,0.4016,7.9716,6
1,5,0,0,19.84,19840,7.18,6.14,-0.17,9.4489,0.0753,0.4407,1.1334,-53.0,94.0,58.25,1.602,7.6903,0.3262,7.8622,6
1,5,0,0,19.961,19961,8.3,5.19,-1.01,9.841,0.2345,0.5694,0.8901,-59.19,99.94,61.44,2.4847,7.3608,0.1502,7.7703,6
1,5,0,0,20.081,20081,9.03,3.84,-1.28,9.8957,0.1353,0.0687,0.8868,-64.81,105.38,65.44,3.3472,6.8969,-0.0383,7.6663,6
1,5,0,0,20.202,20202,8.93,2.89,-1.19,9.4611,0.4036,-0.2476,0.4854,-69.69,104.19,68.88,4.0828,6.3689,-0.1901,7.5676,6
1,5,0,0,20.323,20323,8.32,2.05,-0.12,8.5697,0.2509,-0.2694,0.0327,-71.31,97.0,68.38,4.6412,5.7997,-0.1808,7.4304,6
1,5,0,0,20.444,20444,8.94,1.55,-0.04,9.0735,-0.0327,-0.1647,0.0742,-72.5,93.0,69.19,5.2077,5.2397,-0.1623,7.3892,6
1,5,0,0,20.565,20565,9.01,2.39,-0.18,9.3233,-0.0033,-0.2694,-1.2752,-69.25,89.44,65.56,5.7087,4.8642,-0.1646,7.5018,6
1,5,0,0,20.733,20733,6.64,5.41,0.33,8.5713,0.2585,-0.7483,-1.8086,-52.75,81.88,50.06,5.8314,4.9361,-0.0994,7.6407,6
1,5,0,0,20.854,20854,5.33,7.33,1.68,9.2174,0.2989,-0.8858,-1.9471,-39.06,75.88,39.69,5.7654,5.2516,0.1351,7.7998,6
1,5,0,0,20.974,20974,3.44,8.04,2.64,9.1348,-0.0196,-0.7483,-1.3995,-25.81,73.69,30.5,5.4589,5.619,0.4651,7.8479,6
1,5,0,0,21.096,21096,2.05,8.58,2.32,9.1215,-0.3403,-0.9458,-1.2283,-16.44,73.88,26.94,5.0097,6.0092,0.7096,7.8557,6
1,5,0,0,21.217,21217,0.31,9.44,1.93,9.6403,-0.264,-0.901,-1.6788,-5.44,75.5,22.06,4.3904,6.4613,0.8704,7.8601,6
1,5,0,0,21.338,21338,-2.0,9.05,2.1,9.5033,0.0502,-1.0112,-1.921,7.81,76.06,14.63,3.5483,6.8024,1.0324,7.7414,6
1,5,0,0,21.476,21476,-5.55,8.32,2.39,10.2828,0.0327,-0.961,-1.8653,24.13,76.81,6.56,2.3494,7.0024,1.2113,7.4847,6
1,5,0,0,21.596,21596,-6.76,8.01,2.12,10.6936,-0.3545,-0.468,-1.4639,36.31,79.25,357.56,1.149,7.1352,1.3311,7.3487,6
1,5,0,0,21.758,21758,-7.63,7.68,0.9,10.8632,-0.4614,-0.2236,-1.0581,46.75,84.31,346.81,-0.0078,7.207,1.2743,7.3188,6
1,5,0,0,21.88,21880,-7.96,6.62,0.33,10.3583,-0.2018,-0.048,-0.8639,53.56,87.0,339.06,-1.0557,7.1296,1.1498,7.2985,6
1,6,0,0,22.0,22000,-8.51,5.79,0.14,10.2939,0.0491,0.2574,-0.6174,58.13,85.88,333.81,-2.038,6.9531,1.0168,7.3166,6
1,6,0,0,22.125,22125,-8.46,4.56,0.69,9.6354,0.2051,0.6512,-0.865,62.63,78.0,328.13,-2.8843,6.6377,0.9737,7.3025,6
1,6,0,0,22.248,22248,-8.48,3.53,1.56,9.3169,0.1167,0.1451,-1.1672,68.75,64.25,321.38,-3.6216,6.2282,1.051,7.2809,6
1,6,0,0,22.369,22369,-10.29,2.73,1.06,10.6986,0.0415,-0.3632,-0.2182,73.44,62.19,317.81,-4.5004,5.7672,1.0521,7.3906,6
1,6,0,0,22.49,22490,-9.79,3.14,0.95,10.325,0.1113,-0.2389,0.552,73.13,69.25,322.38,-5.1974,5.421,1.0387,7.5815,6
1,6,0,0,22.612,22612,-8.52,4.35,1.03,9.6215,0.1113,-0.4614,1.1661,67.94,78.5,332.44,-5.6352,5.2799,1.0375,7.7916,6
1,6,0,0,22.779,22779,-8.79,5.97,0.47,10.6361,0.0393,-0.0065,0.8956,58.81,86.75,345.25,-6.051,5.3708,0.9628,8.1478,6
1,6,0,0,22.9,22900,-7.58,6.37,0.48,9.9128,0.1004,0.2389,1.1737,51.81,84.5,351.69,-6.2524,5.5025,0.8991,8.3773,6
1,6,0,0,23.021,23021,-7.12,7.53,0.12,10.3639,0.3567,-0.2793,1.2839,43.13,84.56,1.81,-6.3668,5.7697,0.7965,8.629,6
1,6,0,0,23.142,23142,-6.86,7.34,0.62,10.0658,0.4483,0.3163,1.0232,36.88,82.69,9.94,-6.4318,5.9766,0.7732,8.8139,6
1,6,0,0,23.264,23264,-4.57,7.87,1.7,9.2581,0.1494,0.3065,1.2839,28.75,79.75,16.88,-6.1864,6.2261,0.8953,8.8226,6
1,6,0,0,23.384,23384,-3.94,9.15,1.75,10.1148,-0.132,0.4003,1.1585,20.63,79.75,23.31,-5.8904,6.6114,1.008,8.912,6
1,6,0,0,23.506,23506,-1.79,9.34,1.75,9.6697,-0.0415,0.6807,1.3919,11.44,79.94,28.88,-5.3501,6.971,1.1057,8.8567,7
1,6,0,0,23.632,23632,-0.72,9.77,1.82,9.9641,0.0349,0.3992,1.1126,3.06,79.56,33.69,-4.74,7.3398,1.1999,8.8193,7
1,6,0,0,23.793,23793,1.65,9.59,1.98,9.9303,0.432,0.4745,1.225,-10.38,77.25,43.69,-3.8979,7.6363,1.3027,8.672,7
1,6,0,0,23.914,23914,3.04,8.66,2.29,9.4595,0.276,0.2422,1.3504,-19.19,74.63,49.81,-2.9837,7.7712,1.4328,8.4467,7
1,6,0,0,24.035,24035,4.25,8.2,2.25,9.5061,0.1265,0.2771,1.4475,-28.56,73.13,57.5,-2.0305,7.8277,1.5405,8.2322,7
1,6,0,0,24.156,24156,5.62,6.71,2.44,9.0864,0.0851,0.0894,1.477,-38.25,71.25,66.19,-1.0223,7.6804,1.659,7.9238,7
1,6,0,0,24.277,24277,6.46,6.14,2.62,9.2895,0.0535,0.0873,1.2959,-47.25,68.25,75.13,-0.0363,7.4774,1.7856,7.6878,7
1,6,0,0,24.404,24404,7.44,4.72,2.88,9.2696,0.1233,0.096,1.1748,-54.88,64.63,82.31,0.9488,7.1141,1.9298,7.432,7
1,6,0,0,24.525,24525,8.04,2.43,2.67,8.8134,0.1811,0.0382,0.9567,-62.5,57.38,89.81,1.8833,6.4968,2.0274,7.0616,7
1,7,0,0,24.645,24645,8.25,1.2,2.49,8.7007,0.048,-0.0513,-0.3643,-63.19,55.5,89.94,2.7222,5.7989,2.0883,6.7378,7
1,7,0,0,24.807,24807,6.65,4.51,2.81,8.5123,0.156,-0.1287,-1.5675,-53.63,61.69,77.88,3.2398,5.629,2.1834,6.852,7
1,7,0,0,24.928,24928,6.06,5.75,3.06,8.8966,0.1898,-0.0807,-1.5904,-44.63,65.0,62.88,3.6115,5.645,2.2989,7.0847,7
1,7,0,0,25.049,25049,4.14,7.24,2.65,8.751,-0.0425,-0.0807,-2.2318,-32.19,68.25,48.88,3.6811,5.8551,2.3452,7.303,7
1,7,0,0,25.171,25171,2.51,8.69,2.89,9.4957,-0.264,-0.228,-1.9482,-18.81,71.06,35.5,3.5268,6.2287,2.417,7.5549,7
1,7,0,0,25.297,25297,0.04,9.53,2.56,9.8679,-0.2094,-0.5083,-1.9068,-5.63,73.13,25.06,3.0673,6.6637,2.4358,7.7296,7
1,7,0,0,25.418,25418,-1.98,9.1,2.53,9.6505,-0.2716,-0.2487,-1.7693,7.13,74.63,14.25,2.4022,6.9848,2.4482,7.7815,7
1,7,0,0,25.538,25538,-4.84,8.99,1.78,10.3641,-0.624,-0.3196,-2.1598,20.63,77.31,1.63,1.4479,7.249,2.3602,7.7598,7
1,7,0,0,25.659,25659,-6.51,8.64,1.15,10.879,-0.5967,0.024,-1.7737,34.13,80.81,347.25,0.3992,7.4323,2.2007,7.7616,7
1,7,0,0,25.822,25822,-7.57,7.74,0.74,10.8517,-0.1309,0.0611,-1.6853,48.19,81.94,330.44,-0.6509,7.4729,2.0082,7.7653,7
1,7,0,0,25.942,25942,-8.22,5.96,1.04,10.2064,0.0905,0.0524,-1.4508,58.88,78.88,319.44,-1.6483,7.2735,1.8806,7.6914,7
1,7,0,0,26.064,26064,-9.13,4.48,1.08,10.2271,0.2563,0.0818,-0.8574,66.0,73.38,312.75,-2.6342,6.9054,1.7751,7.601,7
1,7,0,0,26.19,26190,-9.14,3.52,1.28,9.8777,0.4407,0.1113,-0.625,69.94,65.19,309.94,-3.4915,6.4593,1.7099,7.539,7
1,7,0,0,26.311,26311,-9.48,3.32,1.46,10.1501,0.4996,-0.3414,-0.0338,72.63,60.44,310.38,-4.2806,6.0456,1.677,7.5951,7
1,7,0,0,26.431,26431,-9.71,4.26,1.18,10.6688,0.3916,-0.5912,1.1672,70.06,71.94,320.06,-4.9961,5.8103,1.6115,7.8305,7
1,7,0,0,26.552,26552,-9.71,5.8,0.9,11.3461,0.0731,-0.1538,1.7377,60.69,81.88,333.69,-5.6173,5.8089,1.5177,8.222,7
1,7,0,0,26.673,26673,-7.82,7.12,0.82,10.6075,-0.1636,0.5432,1.862,48.38,82.25,344.38,-5.9075,5.9817,1.4258,8.5272,7
1,7,0,0,26.836,26836,-5.65,7.75,0.89,9.6321,0.1254,0.1233,1.813,31.31,81.81,358.56,-5.8736,6.2147,1.3552,8.6579,7
1,7,0,0,26.962,26962,-4.77,8.52,1.48,9.8759,0.4102,0.0884,1.2872,21.31,80.38,9.19,-5.7282,6.5185,1.3716,8.7855,7
1,7,0,0,27.083,27083,-2.58,9.37,2.3,9.9872,0.7898,0.4069,1.441,11.56,75.94,17.88,-5.3133,6.8943,1.494,8.8314,7
1,7,0,0,27.204,27204,-1.15,8.46,3.36,9.1752,0.4418,0.5858,1.6439,0.44,71.31,26.5,-4.7647,7.1006,1.7399,8.7263,8
1,7,0,0,27.326,27326,1.5,8.12,2.93,8.7618,-0.4625,0.8476,1.6461,-11.56,71.69,33.94,-3.9392,7.2349,1.8967,8.4533,8
1,7,0,0,27.446,27446,3.84,8.88,1.52,9.7934,-0.6141,0.5716,1.5577,-23.31,76.56,42.25,-2.9141,7.4517,1.8471,8.2117,8
1,7,0,0,27.568,27568,5.16,8.76,1.35,10.256,0.012,0.0415,1.1541,-32.19,78.63,50.31,-1.8501,7.6241,1.7816,8.0451,8
1,7,0,0,27.694,27694,5.55,7.6,2.03,9.6272,0.6218,-0.1058,1.1814,-39.06,74.56,56.63,-0.875,7.6209,1.8143,7.8826,8
1,7,0,0,27.857,27857,7.0,5.01,2.71,9.0246,0.3392,0.0055,1.5021,-51.0,63.94,67.0,0.1627,7.2769,1.9323,7.5308,8
1,7,0,0,27.978,27978,7.39,4.35,2.72,8.9963,-0.1396,0.1614,0.9119,-58.0,59.06,74.0,1.1151,6.8912,2.0361,7.2717,8
1,7,0,0,28.098,28098,8.62,2.88,2.8,9.5099,-0.2902,0.1614,1.1977,-65.06,55.06,82.0,2.1041,6.3626,2.1368,7.0339,8
1,7,0,0,28.219,28219,8.5,1.74,2.47,9.021,-0.2214,0.2214,0.2814,-69.63,52.0,88.19,2.9469,5.7535,2.1807,6.8222,8
1,8,0,0,28.342,28342,8.69,1.82,1.78,9.0552,-0.0338,0.1134,-0.2203,-70.31,55.94,88.56,3.7037,5.2351,2.1279,6.7566,8
1,8,0,0,28.467,28467,7.97,3.6,1.65,8.8996,0.2214,-0.2553,-1.237,-65.44,59.56,83.0,4.2659,5.0197,2.0649,6.9035,8
1,8,0,0,28.588,28588,7.86,3.82,2.82,9.1828,0.324,-0.2356,-1.3832,-56.88,63.44,71.0,4.7395,4.8616,2.1644,7.1262,8
1,8,0,0,28.709,28709,5.77,5.64,2.51,8.45,-0.0033,-0.3142,-1.5839,-47.13,65.38,60.75,4.8753,4.9642,2.21,7.3004,8
1,8,0,0,28.871,28871,3.49,7.45,2.75,8.6744,-0.252,-0.2978,-2.2973,-29.5,70.38,44.13,4.6927,5.2917,2.2811,7.4315,8
1,8,0,0,28.991,28991,1.22,8.86,2.84,9.3837,-0.0938,-0.3371,-2.3682,-14.19,72.5,30.69,4.2351,5.7619,2.3548,7.5287,8
1,8,0,0,29.129,29129,-2.11,8.66,2.62,9.2904,-0.2356,-0.4025,-2.5035,3.88,73.88,14.56,3.399,6.1438,2.3897,7.4169,8
1,8,0,0,29.25,29250,-5.19,8.83,2.04,10.4435,-0.5651,-0.3534,-2.4075,21.88,76.44,357.94,2.2672,6.4978,2.3436,7.2701,8
1,8,0,0,29.371,29371,-7.12,8.07,0.92,10.8012,-0.649,-0.3589,-1.97,36.13,80.25,343.81,1.0302,6.705,2.156,7.118,8
1,8,0,0,29.491,29491,-8.8,7.72,0.37,11.7122,-0.3065,-0.2978,-1.8217,49.19,84.31,330.38,-0.2652,6.8387,1.9207,7.1083,8
1,8,0,0,29.612,29612,-9.76,5.89,0.35,11.4049,0.0033,0.0175,-1.1846,59.13,84.63,320.5,-1.5164,6.7137,1.7137,7.093,8
1,8,0,0,29.733,29733,-8.92,4.74,0.43,10.1103,0.0175,0.036,-0.636,64.81,82.63,314.56,-2.492,6.4536,1.5445,7.0884,8
1,8,0,0,29.896,29896,-9.48,4.59,0.54,10.5466,0.192,-0.2138,-0.3142,67.94,83.13,313.56,-3.4128,6.208,1.4122,7.2237,8
1,8,0,0,30.017,30017,-9.84,5.04,0.72,11.0791,0.2193,0.0,0.5825,66.44,83.63,318.0,-4.2597,6.0541,1.321,7.5195,8
1,8,0,0,30.137,30137,-9.2,6.13,0.72,11.0786,0.1265,0.1854,1.6013,58.31,82.75,328.19,-4.9107,6.0641,1.2418,7.9013,8
1,8,0,0,30.263,30263,-8.07,7.1,0.71,10.7721,0.12,0.2051,1.7944,46.38,82.31,339.94,-5.3271,6.2006,1.1717,8.2582,8
1,8,0,0,30.383,30383,-7.01,8.2,0.86,10.8222,0.2727,0.2302,2.1358,32.25,81.25,353.63,-5.5488,6.4641,1.1306,8.5937,8
1,8,0,0,30.504,30504,-5.0,9.22,1.54,10.6009,0.8007,0.2563,2.3038,16.69,78.06,9.0,-5.4765,6.8273,1.1846,8.8321,8
1,8,0,0,30.625,30625,-2.51,7.92,2.84,8.7802,0.8192,0.4931,2.2133,1.56,72.38,22.75,-5.0856,6.9712,1.4027,8.7424,9
1,8,0,0,30.746,30746,0.3,7.61,3.34,8.3161,0.3054,0.7189,1.7039,-12.13,68.81,32.94,-4.3759,7.0554,1.658,8.4662,9
1,8,0,0,30.914,30914,3.06,8.36,2.99,9.3911,-0.0076,0.8214,1.4606,-26.31,68.94,40.63,-3.396,7.2273,1.8335,8.1932,9
1,8,0,0,31.035,31035,5.3,7.73,2.59,9.7237,0.1287,0.636,1.4464,-38.38,69.19,48.31,-2.2501,7.2936,1.9332,7.8738,9
1,8,0,0,31.156,31156,6.15,5.96,2.46,8.9104,0.1953,0.4494,1.3504,-48.06,67.56,54.56,-1.1432,7.1178,2.0026,7.482,9
1,8,0,0,31.277,31277,7.78,4.39,2.03,9.1609,-0.3622,0.2323,1.3821,-57.94,65.31,63.75,0.0326,6.7584,2.0062,7.0499,9
1,8,0,0,31.399,31399,7.97,4.3,1.43,9.1682,-0.8149,0.3349,0.7101,-64.5,68.0,72.56,1.0786,6.4344,1.9303,6.8038,9
1,8,0,0,31.519,31519,8.81,3.77,0.81,9.6169,-0.7799,0.1069,0.8268,-69.63,73.25,81.69,2.0974,6.0833,1.7827,6.6771,9
1,9,0,0,31.641,31641,8.71,3.21,1.19,9.3586,-0.3469,-0.3327,0.3382,-73.38,69.44,89.63,2.9688,5.7047,1.7046,6.653,9
1,9,0,0,31.767,31767,8.74,2.29,1.92,9.2368,0.3523,-0.2542,-0.0207,-72.88,61.94,90.5,3.7293,5.2547,1.733,6.6725,9
1,9,0,0,31.93,31930,7.54,3.28,1.83,8.4237,0.5814,-0.5411,-0.8476,-66.0,59.0,81.44,4.2314,4.9945,1.7457,6.7748,9
1,9,0,0,32.05,32050,7.37,2.84,3.4,8.599,0.6163,-0.5356,-1.0941,-59.38,53.31,71.94,4.645,4.7106,1.9637,6.9009,9
1,9,0,0,32.171,32171,5.44,5.87,3.68,8.8087,0.0382,-0.2956,-1.9897,-48.31,57.44,59.94,4.7498,4.8634,2.1899,7.142,9
1,9,0,0,32.292,32292,5.1,7.79,3.8,10.0565,-0.1767,-0.1767,-1.5555,-37.44,62.56,49.06,4.7959,5.249,2.4021,7.5049,9
1,9,0,0,32.417,32417,3.46,7.75,3.59,9.2153,-0.1789,-0.372,-1.2228,-28.81,65.0,41.88,4.6199,5.5786,2.5586,7.6818,9
1,9,0,0,32.538,32538,1.71,8.1,3.07,8.8294,-0.2323,-0.3883,-1.6679,-19.06,67.19,34.38,4.2364,5.9109,2.626,7.7318,9
1,9,0,0,32.66,32660,-0.83,8.6,3.07,9.1692,-0.3894,-0.5432,-2.2242,-4.75,69.81,23.06,3.5688,6.2652,2.6845,7.6939,9
1,9,0,0,32.781,32781,-3.92,9.38,2.76,10.5342,-0.552,-0.3807,-2.1151,10.5,73.13,10.19,2.582,6.6757,2.6945,7.6479,9
1,9,0,0,32.943,32943,-5.45,8.74,1.91,10.4756,-0.4865,-0.3709,-1.573,25.5,77.5,356.44,1.5236,6.9477,2.5911,7.57,9
1,9,0,0,33.064,33064,-7.3,7.74,1.12,10.6982,-0.4243,-0.2116,-1.7442,36.69,80.44,345.69,0.3608,7.0521,2.3972,7.4571,9
1,9,0,0,33.185,33185,-8.5,6.43,0.76,10.6852,-0.2389,-0.0295,-1.501,47.88,81.63,333.56,-0.8068,6.9701,2.1815,7.3479,9
1,9,0,0,33.311,33311,-8.41,5.32,0.35,9.9576,-0.168,-0.1658,-0.8007,55.25,82.13,325.5,-1.8087,6.7527,1.9401,7.2549,9
1,9,0,0,33.433,33433,-9.06,5.69,0.12,10.6993,0.0807,-0.4309,-0.769,60.81,85.69,321.06,-2.7642,6.6126,1.7003,7.3661,9
1,9,0,0,33.554,33554,-9.51,5.66,0.13,11.0676,0.3327,-0.1396,0.0349,63.56,87.75,321.56,-3.6532,6.4871,1.4934,7.5933,9
1,9,0,0,33.675,33675,-8.81,6.32,0.29,10.8463,0.3469,0.0044,1.1901,58.25,86.13,330.44,-4.3327,6.4651,1.3348,7.8963,9
1,9,0,0,33.796,33796,-8.19,6.88,0.07,10.6965,0.3283,-0.1887,1.6341,48.38,86.06,344.25,-4.841,6.5198,1.1681,8.2041,9
1,9,0,0,33.961,33961,-7.48,7.76,0.24,10.7808,0.6316,-0.0229,1.7246,33.5,83.94,2.88,-5.1887,6.6832,1.0458,8.5254,9
1,9,0,0,34.085,34085,-5.94,8.59,1.06,10.4974,0.6949,0.1134,1.9875,20.31,79.88,17.81,-5.2877,6.9345,1.0477,8.7832,9
1,9,0,0,34.206,34206,-3.13,8.54,2.42,9.412,0.6807,0.4112,2.2286,5.25,75.31,32.25,-5.0034,7.146,1.2285,8.8096,9
1,9,0,0,34.326,34326,-0.61,8.41,2.81,8.888,0.228,0.7483,2.0802,-9.31,72.38,43.25,-4.4245,7.3126,1.4369,8.6669,10
1,9,0,0,34.447,34447,2.4,8.56,2.65,9.2766,0.1614,0.829,1.7039,-22.75,71.81,51.81,-3.5252,7.477,1.5968,8.4191,10
1,9,0,0,34.568,34568,4.3,7.9,2.36,9.2989,0.2585,0.6523,1.6232,-34.63,71.0,59.25,-2.494,7.5327,1.6974,8.1144,10
1,9,0,0,34.69,34690,5.66,6.81,2.38,9.1693,0.42,0.4407,1.5403,-46.06,68.5,66.69,-1.4195,7.4375,1.7873,7.7798,10
1,9,0,0,34.816,34816,7.53,5.04,2.33,9.3558,0.5454,0.3643,1.5206,-56.63,62.81,74.06,-0.2402,7.1216,1.8588,7.3641,10
1,9,0,0,34.978,34978,7.8,3.42,2.21,8.7989,0.1604,0.0098,1.1279,-67.75,48.44,83.06,0.8193,6.6338,1.9051,6.9504,10
1,9,0,0,35.1,35100,8.36,1.23,2.37,8.7761,-0.2302,0.1625,0.8345,-72.56,36.19,89.56,1.813,5.9217,1.9664,6.4977,10
1,9,0,0,35.221,35221,8.94,0.85,2.23,9.2531,-0.3829,0.1571,0.1505,-75.69,30.38,94.88,2.7521,5.2534,2.0011,6.2591,10
1,10,0,0,35.341,35341,8.33,2.11,2.45,8.9355,-0.1854,-0.4036,-0.8312,-73.38,37.25,94.38,3.4871,4.8392,2.0603,6.3105,10
1,10,0,0,35.463,35463,7.63,3.48,3.05,8.9236,0.312,-0.216,-1.4988,-66.25,48.31,84.63,4.0331,4.6601,2.1907,6.5407,10
1,10,0,0,35.588,35588,6.53,4.55,3.03,8.5161,0.0916,-0.3033,-1.6842,-56.38,56.5,70.31,4.3621,4.6456,2.3013,6.7753,10
1,10,0,0,35.708,35708,4.99,6.44,2.99,8.6784,-0.2662,-0.252,-2.1468,-44.44,62.94,57.81,4.4448,4.882,2.392,7.0223,10
1,10,0,0,35.831,35831,2.86,8.22,2.82,9.1488,-0.4461,-0.3371,-2.2842,-28.5,69.63,43.56,4.236,5.3219,2.4484,7.2292,10
1,10,0,0,35.993,35993,-0.42,9.68,2.66,10.0476,-0.0785,-0.5356,-2.2613,-8.44,72.94,26.94,3.6225,5.8962,2.4763,7.3498,10
1,10,0,0,36.114,36114,-3.0,9.1,2.67,9.9468,-0.2574,-0.4309,-1.825,5.81,73.75,15.38,2.7498,6.3184,2.5018,7.3309,10
1,10,0,0,36.242,36242,-4.47,8.52,1.92,9.8111,-0.5421,-0.3676,-1.6308,17.06,76.5,6.13,1.7984,6.6085,2.4252,7.2655,10
1,10,0,0,36.363,36363,-6.97,8.15,1.07,10.7772,-0.6425,-0.2498,-1.7628,30.13,80.81,353.38,0.643,6.8116,2.2466,7.2013,10
1,10,0,0,36.483,36483,-7.96,7.29,0.27,10.7972,-0.4647,-0.1625,-1.4017,40.88,84.69,341.69,-0.4907,6.8746,1.9861,7.1726,10
1,10,0,0,36.604,36604,-8.24,6.35,0.11,10.4035,-0.1724,-0.1647,-0.9359,48.31,87.13,333.56,-1.5119,6.8055,1.7389,7.185,10
1,10,0,0,36.725,36725,-8.54,5.18,-0.03,9.9882,0.0774,-0.2487,-0.7385,53.75,88.81,328.94,-2.438,6.5913,1.5058,7.1873,10
1,10,0,0,36.847,36847,-9.15,4.4,-0.17,10.1544,0.1538,-0.0273,-0.8236,58.81,89.5,325.13,-3.3225,6.3026,1.285,7.2396,10
1,10,0,0,37.01,37010,-9.21,3.65,0.1,9.9074,0.1473,0.1047,-0.5607,66.0,85.81,322.31,-4.0983,5.953,1.1288,7.315,10
1,10,0,0,37.134,37134,-9.69,4.56,0.13,10.7101,0.1516,-0.0894,0.2116,67.06,84.94,323.56,-4.8351,5.7694,0.9972,7.5934,10
1,10,0,0,37.255,37255,-9.65,5.32,0.32,11.0239,0.1047,-0.0295,1.1661,62.25,85.75,331.25,-5.4696,5.7102,0.908,7.9591,10
1,10,0,0,37.376,37376,-8.93,6.49,0.3,11.0433,-0.0742,0.1211,2.1097,50.38,86.44,343.75,-5.9256,5.813,0.8279,8.342,10
1,10,0,0,37.498,37498,-7.53,7.85,0.09,10.878,-0.0273,0.1374,1.9504,36.5,86.88,356.56,-6.137,6.0814,0.7306,8.6707,10
1,10,0,0,37.618,37618,-6.32,8.76,-0.12,10.8025,0.4178,-0.0654,2.3366,22.69,86.19,10.94,-6.1611,6.4344,0.6185,8.9299,10
1,10,0,0,37.739,37739,-4.05,8.59,0.9,9.5394,0.9239,0.0153,2.2482,6.81,81.63,28.06,-5.8829,6.7184,0.6556,8.9541,10
1,10,0,0,37.86,37860,-0.64,7.6,2.26,7.9547,0.6905,0.4102,1.789,-6.25,75.88,39.63,-5.1921,6.8346,0.867,8.6268,10
1,10,0,0,38.027,38027,1.98,7.37,2.29,7.9675,0.0491,0.4472,1.1868,-20.0,73.13,49.75,-4.247,6.9052,1.0545,8.175,10
1,10,0,0,38.149,38149,2.75,8.76,2.12,9.4231,0.1276,0.552,0.4461,-25.63,73.63,51.94,-3.3249,7.1496,1.1949,7.9749,10
1,10,0,0,38.269,38269,4.57,8.69,2.35,10.0957,0.2934,0.1854,0.5596,-30.31,72.69,53.69,-2.2846,7.3526,1.3472,7.8163,10
1,10,0,0,38.391,38391,4.06,7.83,2.81,9.2568,0.2563,0.1374,0.2607,-31.38,71.13,53.44,-1.4485,7.4155,1.5399,7.711,10
1,11,0,0,38.511,38511,4.57,7.99,2.8,9.6211,-0.096,0.1309,0.5051,-34.19,70.69,52.56,-0.6554,7.4912,1.706,7.7109,10
1,11,0,0,38.633,38633,5.29,7.75,2.4,9.6854,-0.1996,0.1484,0.0796,-36.0,72.31,51.63,0.128,7.5253,1.7974,7.738,10
