participant,rep,equipment_code,exercise_code,timestamp,timestamp_ms,accelX,accelY,accelZ,accelMag,gyroX,gyroY,gyroZ,roll,pitch,yaw,filteredX,filteredY,filteredZ,filteredMag,quality_code
2,1,0,0,0.0,0,0.83,9.58,1.49,9.7306,-0.0502,-0.0469,0.084,-4.25,81.38,83.0,-0.084,9.4771,1.4543,9.5884,1
2,1,0,0,0.122,122,0.96,9.82,1.29,9.9508,-0.0458,-0.0818,-0.0884,-4.31,81.81,83.19,0.0536,9.5223,1.4326,9.6296,1
2,1,0,0,0.242,242,0.62,9.56,1.35,9.6747,0.0251,-0.0229,0.0251,-3.81,81.81,83.13,0.1282,9.5273,1.4217,9.6336,1
2,1,0,0,0.363,363,1.02,9.68,1.38,9.8309,-0.0458,-0.0153,0.0851,-4.69,81.88,84.06,0.2457,9.5474,1.4162,9.655,1
2,1,0,0,0.484,484,0.72,9.73,1.35,9.8496,-0.0218,-0.0316,-0.0556,-4.63,82.13,84.13,0.3082,9.5715,1.4075,9.6793,1
2,1,0,0,0.607,607,0.85,9.73,1.33,9.8572,0.0044,0.0098,0.0567,-4.75,82.19,84.31,0.3796,9.5924,1.3973,9.701,1
2,1,0,0,0.731,731,0.96,9.75,1.39,9.8953,0.0251,0.0305,0.0011,-5.0,82.0,84.44,0.4561,9.6131,1.3963,9.7247,1
2,1,0,0,0.893,893,0.92,9.5,1.36,9.6409,0.0273,0.0513,0.0,-4.81,81.81,83.81,0.5172,9.5982,1.3915,9.7124,1
2,1,0,0,1.014,1014,0.89,10.04,1.37,10.172,0.0949,0.0916,-0.0894,-4.81,81.56,83.31,0.5664,9.6564,1.3887,9.7722,1
2,1,0,0,1.136,1136,0.29,10.13,2.0,10.3296,0.1778,0.1713,-0.3851,-3.5,80.44,81.06,0.5299,9.7188,1.4693,9.8435,1
2,1,0,0,1.262,1262,-0.85,10.06,2.15,10.3222,0.2629,-0.1222,-1.4857,2.5,79.19,74.38,0.3481,9.7638,1.559,9.8936,1
2,1,0,0,1.383,1383,-2.76,9.49,2.53,10.2019,0.2214,-0.589,-1.4563,14.19,77.44,65.38,-0.0615,9.7277,1.6869,9.8731,1
2,1,0,0,1.503,1503,-4.74,8.48,2.06,9.9308,0.1189,-1.0483,-2.3169,27.88,77.31,57.44,-0.678,9.5633,1.7361,9.7432,1
2,1,0,0,1.624,1624,-7.12,7.66,0.96,10.502,0.0665,-1.0396,-2.2733,44.69,79.75,46.63,-1.5269,9.3125,1.6338,9.5772,1
2,1,0,0,1.745,1745,-8.47,5.44,-0.29,10.0707,-0.2073,-0.9119,-2.4435,61.06,86.13,34.31,-2.4418,8.8022,1.3803,9.2383,1
2,1,0,0,1.907,1907,-8.97,1.91,-1.77,9.3403,-0.6883,-0.8192,-2.4576,79.75,126.44,11.81,-3.302,7.894,0.9652,8.611,1
2,1,0,0,2.034,2034,-10.33,-0.46,-2.65,10.6744,-0.601,-0.7112,-2.0519,75.94,-144.31,350.63,-4.2282,6.7931,0.4888,8.0164,1
2,1,0,0,2.155,2155,-9.79,-2.47,-3.23,10.6008,-0.7407,-0.4058,-1.8337,62.81,-121.56,329.56,-4.9611,5.5725,-0.0013,7.4609,1
2,1,0,0,2.276,2276,-7.88,-4.21,-2.63,9.3132,-0.6087,0.0087,-1.6842,52.38,-111.13,313.19,-5.3457,4.2834,-0.3477,6.8589,1
2,1,0,0,2.397,2397,-5.04,-5.79,-0.92,7.7312,-0.48,0.1484,-1.345,42.19,-103.56,299.44,-5.3054,2.956,-0.4231,6.0881,1
2,1,0,0,2.518,2518,-3.88,-5.81,0.04,6.9866,-0.3098,0.5814,-0.0142,37.13,-97.81,294.0,-5.1176,1.8009,-0.3621,5.4373,1
2,1,0,0,2.639,2639,-4.74,-5.46,-0.3,7.2367,0.504,0.5738,2.2307,45.88,-95.75,306.44,-5.0678,0.8441,-0.3539,5.1498,1
2,2,0,0,2.762,2762,-8.72,-2.51,-1.11,9.1417,0.5345,0.6207,4.0383,67.25,-98.44,333.13,-5.5491,0.4021,-0.4535,5.5821,1
2,2,0,0,2.927,2927,-8.35,3.34,0.44,9.004,0.6654,1.4541,3.4634,72.56,66.13,17.69,-5.9182,0.7892,-0.3358,5.98,1
2,2,0,0,3.049,3049,-6.1,7.32,2.69,9.9009,-0.1014,1.009,3.6914,47.44,67.25,39.75,-5.9421,1.6498,0.0629,6.1672,1
2,2,0,0,3.169,3169,-3.93,10.18,3.05,11.3305,-0.3752,0.6032,2.3202,26.31,72.0,56.69,-5.677,2.7739,0.4566,6.3349,1
2,2,0,0,3.29,3290,-2.55,11.53,2.57,12.085,-0.3949,0.6032,2.2929,10.13,74.88,69.25,-5.2649,3.9277,0.7351,6.6096,1
2,2,0,0,3.412,3412,-0.6,11.08,2.64,11.406,-0.1702,0.9425,1.5948,-3.69,76.56,78.06,-4.6502,4.8702,0.9861,6.8056,1
2,2,0,0,3.536,3536,0.63,10.41,2.82,10.8036,-0.2116,0.8258,0.7385,-12.25,78.31,80.81,-3.9544,5.6002,1.2277,6.9647,1
2,2,0,0,3.657,3657,1.69,11.08,2.88,11.5722,0.4745,0.3502,-0.1789,-14.75,78.5,79.5,-3.2106,6.3223,1.4455,7.2366,1
2,2,0,0,3.78,3780,0.35,11.47,3.31,11.9432,1.2545,0.4211,-1.2392,-9.5,73.13,70.94,-2.7414,7.0006,1.6912,7.7061,1
2,2,0,0,3.942,3942,-0.05,10.31,4.92,11.4239,2.5275,1.5435,-1.2119,-2.81,56.69,52.69,-2.3868,7.4367,2.1166,8.0921,1
2,2,0,0,4.064,4064,2.94,8.54,5.93,10.8046,2.9845,1.6832,-1.0036,-5.19,39.0,39.56,-1.6848,7.5821,2.6191,8.1968,1
2,2,0,0,4.191,4191,3.0,4.22,7.73,9.3038,2.8656,0.0273,-1.0363,-6.5,19.81,29.44,-1.0675,7.1391,3.2926,7.9339,1
2,2,0,0,4.312,4312,1.35,1.11,9.05,9.2172,1.2752,-1.7639,-0.8465,1.63,5.06,23.38,-0.7489,6.3446,4.0513,7.5649,1
2,2,0,0,4.432,4432,-2.05,0.08,7.15,7.4385,1.0647,-2.3409,-1.4923,16.5,-2.75,16.31,-0.9204,5.5191,4.4596,7.1551,1
2,2,0,0,4.553,4553,-5.01,-2.47,6.29,8.4122,1.2195,-1.825,-1.5795,28.56,-16.31,5.56,-1.4593,4.4663,4.7008,6.6465,1
2,2,0,0,4.674,4674,-4.22,-4.07,5.21,7.8433,0.9152,-1.5435,-1.1148,35.25,-30.25,358.0,-1.8231,3.3415,4.7679,6.101,1
2,2,0,0,4.796,4796,-5.91,-5.6,4.72,9.411,0.6043,-1.7911,-0.5912,39.75,-45.31,349.69,-2.3616,2.1632,4.7616,5.7384,1
2,2,0,0,4.959,4959,-7.51,-6.56,2.41,10.2587,-0.1233,-1.0167,-0.3982,46.44,-59.81,342.25,-3.0401,1.0137,4.4517,5.4852,1
2,2,0,0,5.084,5084,-6.94,-5.33,2.16,9.0132,-0.4014,0.4625,0.697,47.19,-58.25,340.94,-3.554,0.1778,4.1497,5.4665,1
2,3,0,0,5.205,5205,-5.57,-4.28,3.41,7.8084,-0.6032,0.7167,1.957,52.31,-43.0,351.75,-3.8196,-0.4097,4.0523,5.5837,1
2,3,0,0,5.325,5325,-6.79,-0.52,4.34,8.0753,-1.477,0.4647,3.134,57.44,-11.5,6.06,-4.211,-0.4242,4.0902,5.8858,1
2,3,0,0,5.447,5447,-6.04,6.04,4.23,9.5318,-1.5184,0.4472,2.9649,51.13,27.31,21.13,-4.4521,0.4276,4.1086,6.0732,1
2,3,0,0,5.567,5567,-5.52,7.79,4.5,10.5548,-1.3635,-0.2716,2.2275,40.19,49.81,34.06,-4.5928,1.3978,4.1602,6.3525,1
2,3,0,0,5.691,5691,-4.36,10.5,2.79,11.7066,-1.1377,-0.3665,2.5515,28.0,65.56,48.13,-4.5621,2.5972,3.9796,6.5876,1
2,3,0,0,5.812,5812,-3.16,10.62,3.23,11.5414,-0.4527,-0.0676,2.1577,13.69,73.06,63.56,-4.3773,3.6544,3.8808,6.8976,1
2,3,0,0,5.977,5977,-0.34,10.85,1.98,11.0344,-0.3153,0.5672,1.5053,-2.88,76.56,77.81,-3.8453,4.6026,3.6304,7.0107,1
2,3,0,0,6.098,6098,-0.3,10.63,2.85,11.0095,-0.1745,0.8301,1.0014,-11.69,78.56,81.94,-3.3781,5.3969,3.5275,7.2788,1
2,3,0,0,6.219,6219,0.9,11.46,2.13,11.691,0.3349,0.5956,-0.7712,-13.56,79.44,79.19,-2.8144,6.1958,3.3434,7.582,1
2,3,0,0,6.34,6340,0.55,10.23,2.74,10.6049,1.0134,0.5781,-1.5239,-5.69,75.31,66.31,-2.3711,6.7274,3.2639,7.8443,1
2,3,0,0,6.46,6460,0.66,10.13,3.94,10.8893,0.7352,-0.2651,-1.3177,2.81,69.5,55.5,-1.9716,7.1758,3.353,8.1622,1
2,3,0,0,6.582,6582,-3.12,9.13,3.87,10.3956,1.0657,-1.201,-2.0759,16.31,63.75,47.88,-2.123,7.4333,3.4211,8.4537,1
2,3,0,0,6.703,6703,-5.58,8.09,4.2,10.6876,0.8574,-0.2858,-1.8086,29.81,56.63,40.25,-2.5785,7.5199,3.5237,8.6956,1
2,3,0,0,6.829,6829,-5.97,6.89,4.61,10.2159,1.1061,0.985,-2.018,37.75,43.0,28.44,-3.0254,7.4369,3.6669,8.8264,1
2,3,0,0,6.992,6992,-3.76,2.32,5.66,7.1802,1.0396,0.3043,-1.8282,39.81,14.44,9.75,-3.1222,6.7626,3.9295,8.4215,1
2,3,0,0,7.112,7112,-4.96,-0.7,6.03,7.8392,0.5749,-1.1268,-0.6752,44.69,1.94,4.19,-3.3644,5.7792,4.2063,7.9001,1
2,3,0,0,7.233,7233,-8.14,0.29,5.41,9.7781,-0.3774,-1.0177,-0.7898,52.38,-3.44,359.38,-3.9937,5.0559,4.3649,7.7823,1
2,3,0,0,7.354,7354,-9.0,-1.26,4.78,10.2682,0.4407,-0.7865,-1.645,56.56,-17.94,350.13,-4.6534,4.2236,4.4196,7.6828,1
2,3,0,0,7.48,7480,-8.46,-2.56,4.39,9.869,0.2945,-0.4767,-1.1312,55.63,-36.63,341.31,-5.155,3.3297,4.4157,7.5604,1
2,3,0,0,7.602,7602,-7.53,-4.27,3.46,9.3223,0.4461,-0.2629,-1.1836,52.13,-49.75,333.94,-5.468,2.3282,4.2898,7.3295,1
2,3,0,0,7.723,7723,-6.87,-5.3,3.01,9.1841,0.1276,-0.0349,-0.3665,48.5,-56.69,329.69,-5.6527,1.323,4.1211,7.1195,1
2,3,0,0,7.844,7844,-6.74,-5.82,3.08,9.4227,-0.06,-0.0513,-0.4243,46.0,-58.94,326.69,-5.796,0.3818,3.9839,7.0435,1
2,4,0,0,8.007,8007,-7.11,-5.24,3.21,9.3975,-0.2465,-0.0447,0.9948,48.19,-57.31,328.06,-5.9692,-0.359,3.882,7.1295,1
2,4,0,0,8.129,8129,-7.42,-4.1,3.44,9.1488,-0.2138,0.1233,1.045,53.75,-50.0,334.63,-6.1603,-0.852,3.8237,7.3004,1
2,4,0,0,8.254,8254,-7.3,-2.6,3.64,8.5615,-0.2771,0.0665,1.693,60.13,-35.25,344.56,-6.3105,-1.0823,3.7995,7.4452,1
2,4,0,0,8.375,8375,-9.07,0.31,3.3,9.6567,-0.372,-0.3054,1.5163,66.0,-14.5,354.0,-6.6741,-0.8989,3.7337,7.7002,1
2,4,0,0,8.496,8496,-9.54,2.15,3.05,10.2439,-0.0742,-0.0131,1.1028,67.38,7.88,2.13,-7.0518,-0.4971,3.6436,7.953,1
2,4,0,0,8.617,8617,-8.89,1.95,3.5,9.7511,0.1953,-0.1702,1.0821,66.38,20.88,8.75,-7.294,-0.1746,3.6247,8.1469,1
2,4,0,0,8.738,8738,-7.65,2.31,2.96,8.5217,-0.0884,-0.3076,0.913,64.81,36.69,16.06,-7.3409,0.1528,3.5371,8.1501,1
2,4,0,0,8.859,8859,-7.6,3.76,2.72,8.9048,-0.0207,-0.2258,1.6221,60.19,51.5,24.0,-7.3751,0.6281,3.4294,8.1576,1
2,4,0,0,9.022,9022,-6.85,6.84,2.35,9.9615,0.0415,-0.0425,1.0963,49.0,63.69,37.69,-7.3059,1.4467,3.2872,8.1409,1
2,4,0,0,9.147,9147,-6.87,7.91,2.7,10.8192,-0.1036,-0.1516,2.258,38.75,68.5,48.88,-7.2484,2.2984,3.2098,8.2538,1
2,4,0,0,9.268,9268,-3.51,6.26,2.03,7.4585,0.0884,-0.4352,0.1385,32.0,72.13,58.44,-6.7558,2.8204,3.0543,7.9325,1
2,4,0,0,9.388,9388,-5.31,8.18,2.59,10.0904,-0.1865,0.1244,1.6832,28.69,73.19,62.5,-6.5653,3.5267,2.9931,8.0312,1
2,4,0,0,9.51,9510,-1.76,9.96,1.62,10.2432,0.0044,0.3807,1.3439,16.31,75.38,73.19,-5.9321,4.3744,2.8122,7.8888,1
2,4,0,0,9.63,9630,-1.87,8.5,2.44,9.0388,0.2531,0.7221,1.1956,8.69,73.25,77.25,-5.3968,4.9181,2.7632,7.8069,1
2,4,0,0,9.753,9753,0.64,10.19,2.78,10.5818,-0.4527,0.6981,1.2119,-0.94,73.94,82.31,-4.6013,5.6128,2.7654,7.7668,1
2,4,0,0,9.873,9873,1.31,11.06,2.42,11.3972,-0.3578,-0.1025,0.4516,-7.5,77.56,87.0,-3.8223,6.3306,2.7199,7.8794,1
2,4,0,0,10.04,10040,-1.29,9.69,2.46,10.0803,0.0502,-0.4331,-0.589,-2.63,77.19,85.06,-3.4886,6.7733,2.6856,8.0784,1
2,4,0,0,10.161,10161,-0.04,11.29,2.07,11.4783,0.336,-0.1974,-1.4072,3.13,76.25,79.0,-3.0342,7.3685,2.6045,8.3836,1
2,4,0,0,10.282,10282,-3.03,7.72,3.85,9.1434,0.7723,-0.5061,-1.5948,15.81,70.94,67.44,-3.0336,7.4148,2.7686,8.4763,1
2,4,0,0,10.402,10402,-2.6,9.62,2.2,10.2051,-0.2836,-0.5421,-0.9883,22.38,71.13,63.38,-2.9765,7.7054,2.6937,8.6884,1
2,4,0,0,10.523,10523,-6.95,8.02,2.25,10.8483,0.3098,-0.2694,-1.8948,35.25,70.13,52.81,-3.5001,7.7468,2.6352,8.8999,1
2,4,0,0,10.644,10644,-5.53,7.24,2.33,9.4036,-0.0218,0.1865,-1.0745,42.56,66.56,45.13,-3.7676,7.68,2.595,8.9393,1
2,4,0,0,10.765,10765,-7.16,6.32,2.43,9.8546,-0.0982,0.0,-1.5621,51.13,61.75,34.63,-4.2146,7.5008,2.5733,8.9804,1
2,5,0,0,10.889,10889,-7.92,4.88,2.26,9.5733,-0.276,-0.3436,-1.1814,59.31,58.63,25.56,-4.7029,7.1555,2.532,8.9291,1
2,5,0,0,11.053,11053,-8.84,3.27,1.77,9.5902,-0.4276,0.0305,-0.7079,69.38,49.5,12.94,-5.2481,6.6435,2.4316,8.8085,1
2,5,0,0,11.174,11174,-9.25,2.02,1.93,9.6627,0.0305,0.2051,-1.0897,72.69,38.5,6.19,-5.7754,6.0342,2.3655,8.6812,1
2,5,0,0,11.295,11295,-9.12,1.1,2.44,9.5046,-0.1549,0.2923,-0.6458,73.88,17.31,359.5,-6.2161,5.384,2.3753,8.5598,1
2,5,0,0,11.416,11416,-9.68,0.64,2.69,10.0672,-0.096,-0.0578,-1.1039,73.88,-0.63,353.31,-6.6726,4.7589,2.4168,8.5447,1
2,5,0,0,11.538,11538,-9.07,-0.64,2.42,9.4091,-0.0098,-0.2367,-0.7298,74.44,-18.13,348.0,-6.9885,4.0474,2.4172,8.4299,1
2,5,0,0,11.661,11661,-10.56,-0.92,2.16,10.8178,-0.1265,0.0731,-0.612,71.88,-37.69,341.13,-7.4591,3.3929,2.3833,8.5341,1
2,5,0,0,11.782,11782,-9.11,-1.77,2.15,9.5261,0.2793,0.1691,-0.7025,69.38,-42.44,338.88,-7.6767,2.7125,2.3526,8.4749,1
2,5,0,0,11.906,11906,-9.01,-2.65,2.19,9.6436,0.0884,0.0589,-0.8618,64.13,-51.75,335.38,-7.8524,2.0059,2.3311,8.4331,1
2,5,0,0,12.068,12068,-7.74,-4.62,1.84,9.1999,0.036,-0.2967,-0.7123,60.19,-61.94,331.31,-7.8376,1.1328,2.2664,8.2369,1
2,5,0,0,12.19,12190,-6.91,-4.85,1.48,8.5709,-0.3349,0.1887,-0.2913,57.5,-63.69,328.31,-7.7153,0.3444,2.1628,8.0201,1
2,5,0,0,12.31,12310,-7.57,-3.8,2.5,8.8315,-0.204,0.2553,1.3952,58.44,-57.19,329.81,-7.6962,-0.2017,2.2072,8.009,1
2,5,0,0,12.432,12432,-8.05,-2.49,3.2,9.0135,-0.1124,0.1582,1.7006,67.25,-37.88,343.38,-7.7428,-0.5033,2.338,8.1038,1
2,5,0,0,12.558,12558,-7.82,0.18,3.42,8.537,-0.3272,0.3556,2.0693,69.75,-7.75,354.31,-7.753,-0.4132,2.4806,8.1506,1
2,5,0,0,12.679,12679,-8.17,4.52,3.27,9.893,-0.5607,-0.9948,2.2449,66.69,40.63,9.56,-7.8079,0.2368,2.5846,8.228,1
2,5,0,0,12.8,12800,-9.97,4.45,2.3,11.1577,0.2913,-0.18,1.1541,62.5,59.94,19.56,-8.0928,0.792,2.5471,8.5211,1
2,5,0,0,12.921,12921,-6.31,6.94,1.81,9.5528,0.1276,0.2574,2.5307,49.63,66.81,33.63,-7.8579,1.6022,2.45,8.3855,1
2,5,0,0,13.082,13082,-5.83,9.51,1.73,11.2881,-0.1058,-0.3251,1.873,32.88,72.63,52.13,-7.5907,2.6442,2.3551,8.376,1
2,5,0,0,13.203,13203,-3.87,9.86,1.21,10.6612,-0.2782,-0.4472,1.5708,21.38,77.69,66.25,-7.1004,3.5951,2.2042,8.2583,1
2,5,0,0,13.326,13326,-3.51,10.1,1.76,10.8364,0.2782,0.5345,1.3744,14.06,77.88,73.5,-6.6273,4.4523,2.1457,8.2672,1
2,5,0,0,13.451,13451,-0.13,9.2,2.63,9.5694,0.3534,1.081,1.4584,2.25,74.88,79.69,-5.7711,5.0779,2.2095,7.9983,1
2,5,0,0,13.572,13572,0.68,10.26,2.59,10.6037,0.144,0.8596,1.3788,-8.38,73.69,83.31,-4.921,5.7608,2.2596,7.9062,1
2,5,0,0,13.693,13693,2.02,9.05,3.6,9.947,0.1364,0.3851,0.1549,-15.38,72.69,86.25,-4.0064,6.1942,2.4363,7.7688,1
2,5,0,0,13.814,13814,1.67,10.22,2.76,10.717,-0.1385,-0.0087,-0.9163,-11.94,73.69,81.75,-3.2584,6.7247,2.4789,7.873,1
2,5,0,0,13.936,13936,0.2,10.06,3.14,10.5406,0.2203,-0.216,-0.9905,-5.31,73.44,75.81,-2.8026,7.1642,2.566,8.1096,1
2,5,0,0,14.103,14103,-1.06,10.26,2.96,10.7309,0.2694,-0.1113,-1.6341,6.06,71.06,65.31,-2.573,7.5722,2.618,8.415,1
2,5,0,0,14.224,14224,-2.55,9.28,3.35,10.1904,0.4156,-0.3338,-1.453,17.0,68.06,55.69,-2.57,7.7972,2.7144,8.6469,1
2,5,0,0,14.346,14346,-4.2,8.44,3.34,10.0015,0.3687,-0.3425,-1.7017,27.63,64.56,47.38,-2.7848,7.8819,2.7969,8.8149,1
2,5,0,0,14.466,14466,-5.96,7.34,3.44,10.0614,0.3054,-0.2618,-1.5839,38.38,60.19,38.38,-3.2032,7.8105,2.8816,8.9201,1
2,6,0,0,14.587,14587,-7.01,5.69,3.55,9.7015,0.4331,-0.0731,-1.7901,47.88,52.75,29.06,-3.7048,7.5311,2.9697,8.9029,1
2,6,0,0,14.708,14708,-7.84,4.2,3.43,9.5326,0.3131,-0.2422,-1.5915,57.06,40.69,19.13,-4.2497,7.0921,3.0303,8.8058,1
2,6,0,0,14.829,14829,-8.6,2.03,3.4,9.4679,0.2945,-0.1222,-1.4355,63.88,25.38,10.69,-4.823,6.4251,3.0791,8.6037,1
2,6,0,0,14.955,14955,-8.39,0.8,3.51,9.1297,0.1244,0.1385,-0.8127,65.63,9.56,4.56,-5.293,5.6838,3.1358,8.3759,1
2,6,0,0,15.117,15117,-8.62,-0.31,3.3,9.2353,0.372,-0.3043,-1.0876,66.19,-8.31,358.25,-5.7314,4.894,3.1575,8.1713,1
2,6,0,0,15.238,15238,-9.13,-1.89,3.03,9.8036,0.2105,-0.2651,-0.913,66.31,-26.38,352.75,-6.1793,4.0,3.1407,8.003,1
2,6,0,0,15.36,15360,-8.86,-2.56,2.86,9.6557,0.1309,0.3153,-0.7756,63.69,-35.88,348.44,-6.5325,3.1356,3.1037,7.8828,1
2,6,0,0,15.48,15480,-8.4,-3.46,3.39,9.6966,0.3185,0.3927,-0.7385,58.63,-41.75,345.19,-6.7786,2.2665,3.1414,7.8074,1
2,6,0,0,15.602,15602,-7.49,-3.53,3.53,9.0012,-0.0295,0.1069,-0.4505,54.94,-44.56,342.94,-6.8724,1.5026,3.1926,7.7253,1
2,6,0,0,15.728,15728,-7.44,-4.5,3.63,9.4223,-0.0207,-0.1942,-1.1105,51.31,-49.75,337.13,-6.9472,0.7116,3.2503,7.7028,1
2,6,0,0,15.849,15849,-7.3,-5.88,3.85,10.1335,-0.276,-0.1004,-0.7265,46.19,-55.25,329.31,-6.9937,-0.157,3.3293,7.7473,1
2,6,0,0,15.97,15970,-5.68,-5.69,3.88,8.9271,-0.1156,-0.0229,0.0993,45.06,-54.94,326.94,-6.8205,-0.8861,3.4019,7.6732,1
2,6,0,0,16.132,16132,-6.35,-4.84,3.82,8.851,-0.2727,0.0338,1.4257,49.75,-49.44,332.63,-6.7585,-1.4071,3.457,7.7206,1
2,6,0,0,16.254,16254,-6.67,-2.61,3.61,8.0208,-0.3251,0.1833,2.1882,58.25,-31.81,345.06,-6.7469,-1.5656,3.4771,7.75,1
2,6,0,0,16.38,16380,-8.68,1.22,3.85,9.5736,-0.3807,0.4014,2.678,60.88,-4.13,358.81,-7.0016,-1.1985,3.5263,7.9305,1
2,6,0,0,16.501,16501,-6.68,3.04,4.87,8.808,-0.5421,0.5127,2.7107,52.25,29.94,18.69,-6.9592,-0.64,3.7033,7.9092,1
2,6,0,0,16.622,16622,-5.59,6.79,4.45,9.8567,-0.9021,0.1778,1.9766,40.81,46.56,30.94,-6.7788,0.3391,3.8017,7.7795,1
2,6,0,0,16.743,16743,-4.59,9.0,3.76,10.7799,-1.0036,-0.3545,2.3486,30.0,59.44,43.0,-6.4904,1.4804,3.7962,7.6634,1
2,6,0,0,16.864,16864,-2.66,10.19,3.22,11.0127,-0.3087,-0.2793,2.2951,16.69,67.88,58.81,-5.9856,2.6281,3.7203,7.5216,1
2,6,0,0,16.985,16985,-1.71,9.68,3.59,10.4649,-0.5498,0.2389,1.9875,3.81,71.13,72.63,-5.4222,3.5573,3.7031,7.4678,1
2,6,0,0,17.147,17147,1.64,11.32,1.39,11.5223,-0.6283,0.6109,0.9937,-10.44,78.63,82.44,-4.4916,4.5803,3.3983,7.2596,1
2,6,0,0,17.273,17273,1.51,9.99,2.38,10.38,-0.0611,0.1811,0.6905,-15.75,80.69,85.81,-3.7007,5.2931,3.2641,7.2365,1
2,6,0,0,17.394,17394,2.08,10.46,2.07,10.8638,-0.1004,0.24,0.1265,-19.5,81.63,88.5,-2.939,5.974,3.1068,7.347,1
2,6,0,0,17.515,17515,1.16,11.2,1.82,11.4061,0.4145,0.4298,-1.045,-15.5,81.56,82.0,-2.3988,6.6626,2.9372,7.6663,1
2,6,0,0,17.637,17637,0.23,10.25,2.18,10.4818,1.0057,1.2195,-0.9032,-9.88,77.63,66.75,-2.0524,7.1354,2.8374,7.9484,1
2,6,0,0,17.757,17757,1.22,12.24,1.53,12.3954,1.1759,1.7901,-1.0167,-6.13,72.69,48.06,-1.6212,7.808,2.6651,8.4081,1
2,6,0,0,17.879,17879,1.35,9.52,3.59,10.2636,2.3093,1.2523,-0.3916,-5.75,61.06,35.88,-1.2297,8.0336,2.787,8.5918,1
2,6,0,0,18.002,18002,2.25,7.83,6.29,10.2925,1.8261,0.4342,-0.7865,-6.38,47.25,28.69,-0.7711,8.0068,3.2486,8.6751,1
2,7,0,0,18.166,18166,-0.61,6.03,7.35,9.5266,1.5959,-0.5705,-0.9152,1.38,32.44,20.13,-0.7499,7.7463,3.7891,8.6559,1
2,7,0,0,18.288,18288,-0.71,4.97,8.32,9.7174,1.4312,-0.0229,-1.0145,5.56,22.44,14.69,-0.7446,7.3805,4.3861,8.6176,1
2,7,0,0,18.408,18408,-1.0,2.51,7.98,8.425,1.5283,-0.3807,-1.1345,8.75,11.56,7.69,-0.7783,6.7387,4.8597,8.3446,1
2,7,0,0,18.529,18529,-1.35,0.66,8.5,8.6318,0.9338,-0.3992,-0.9294,12.44,1.88,2.5,-0.8536,5.9376,5.3394,8.0308,1
2,7,0,0,18.65,18650,-2.16,-0.87,9.15,9.4417,0.8858,-0.5661,-1.2915,15.31,-5.81,355.5,-1.0258,5.0406,5.8415,7.7835,1
2,7,0,0,18.772,18772,-1.82,-2.93,7.38,8.1463,0.9916,-1.1912,-1.5424,19.13,-15.69,346.06,-1.1304,3.9902,6.0443,7.3303,1
2,7,0,0,18.892,18892,-3.84,-4.0,7.06,8.9771,0.5629,-1.7791,-0.961,25.56,-25.25,336.88,-1.4875,2.9373,6.1781,7.0007,1
2,7,0,0,19.018,19018,-6.27,-4.07,5.97,9.5665,0.2356,-1.7584,-0.805,33.88,-33.81,329.5,-2.1177,2.0139,6.1507,6.8097,1
2,7,0,0,19.181,19181,-5.8,-7.32,4.88,10.5374,0.2509,-1.2217,-0.6545,38.31,-49.44,317.88,-2.6029,0.784,5.9833,6.5718,1
2,7,0,0,19.302,19302,-6.03,-4.63,3.34,8.3038,-0.2018,-0.9228,0.6938,43.5,-52.63,315.38,-3.0545,0.0706,5.6349,6.41,1
2,7,0,0,19.423,19423,-6.92,-5.22,3.92,9.5132,-0.0175,-0.468,1.1312,51.19,-52.13,319.69,-3.5639,-0.6266,5.409,6.5078,1
2,7,0,0,19.543,19543,-7.65,-2.93,3.08,8.7518,-0.3218,0.0349,2.0868,60.0,-40.31,329.25,-4.1023,-0.9301,5.1021,6.6125,1
2,7,0,0,19.665,19665,-8.18,1.14,3.53,8.9818,-0.0338,-0.2007,2.9485,67.06,-4.69,346.44,-4.6397,-0.6573,4.8949,6.7763,1
2,7,0,0,19.791,19791,-8.19,3.08,2.56,9.1168,-0.4734,-0.6687,1.6461,66.69,36.19,1.94,-5.1075,-0.1649,4.5872,6.8671,1
2,7,0,0,19.912,19912,-7.19,6.82,1.34,10.0002,-0.4451,-0.7723,3.243,54.63,67.75,19.56,-5.3819,0.7556,4.1593,6.8437,1
2,7,0,0,20.033,20033,-6.9,7.91,0.94,10.5386,-0.4003,-0.7952,1.6482,40.56,81.06,37.38,-5.582,1.6983,3.7351,6.9278,1
2,7,0,0,20.196,20196,-4.32,10.84,-0.31,11.6732,-0.0131,-0.2825,2.1282,22.81,88.25,57.31,-5.4157,2.903,3.2021,6.9289,1
2,7,0,0,20.316,20316,-3.66,9.8,0.51,10.4736,0.1418,0.276,2.1511,10.31,87.44,70.0,-5.1843,3.8118,2.8473,7.0367,1
2,7,0,0,20.443,20443,0.18,10.81,0.05,10.8116,0.2389,0.8607,1.6428,-3.5,86.5,79.81,-4.4774,4.734,2.4787,6.9715,1
2,7,0,0,20.565,20565,1.33,10.28,0.97,10.411,0.4756,1.2043,1.4759,-14.5,84.44,82.94,-3.7122,5.4648,2.2799,6.9887,1
2,7,0,0,20.686,20686,3.32,10.44,1.41,11.0455,0.5683,1.225,-0.0884,-20.38,83.88,79.5,-2.7855,6.1204,2.1653,7.0645,1
2,7,0,0,20.806,20806,2.5,10.96,1.78,11.3816,0.9567,0.6916,-0.6545,-17.38,81.19,69.19,-2.089,6.7582,2.1145,7.3829,1
2,7,0,0,20.927,20927,2.03,10.05,3.04,10.6942,1.1846,0.7058,-1.1476,-12.44,75.0,58.19,-1.5462,7.1919,2.2365,7.6887,1
2,7,0,0,21.048,21048,1.31,10.14,3.04,10.6666,1.2043,0.1025,-1.3788,-5.38,68.5,46.94,-1.1699,7.5804,2.3423,8.0198,1
2,7,0,0,21.211,21211,-1.42,9.27,4.82,10.5443,1.5075,0.6272,-0.9359,3.75,55.69,34.44,-1.2028,7.8031,2.6688,8.3341,1
2,7,0,0,21.336,21336,0.26,8.11,5.75,9.945,1.6428,0.3731,-1.3646,6.31,44.63,26.19,-1.0101,7.8435,3.0749,8.485,1
2,8,0,0,21.457,21457,-0.93,5.17,7.21,8.9206,1.3035,-0.6807,-1.3145,13.5,32.94,17.94,-0.9995,7.4912,3.6198,8.3797,1
2,8,0,0,21.578,21578,-3.38,2.82,7.16,8.4049,0.7941,-1.5086,-1.6101,25.94,24.31,11.5,-1.3132,6.8757,4.0863,8.1054,1
2,8,0,0,21.699,21699,-5.26,2.72,6.64,8.8969,0.2738,-1.0548,-1.4399,37.38,17.19,3.19,-1.8333,6.3281,4.4228,7.9351,1
2,8,0,0,21.819,21819,-6.42,0.16,5.51,8.4618,0.9883,-1.525,-2.3998,48.31,1.56,352.25,-2.4377,5.5153,4.5661,7.5637,1
2,8,0,0,21.94,21940,-7.73,-3.18,4.67,9.5747,0.2607,-1.7246,-1.3941,57.25,-21.44,341.88,-3.1351,4.3694,4.5798,7.0636,1
2,8,0,0,22.062,22062,-8.35,-2.02,2.23,8.8756,-0.0905,-1.1508,-1.0461,61.31,-40.88,331.5,-3.8223,3.5275,4.2701,6.7295,1
2,8,0,0,22.229,22229,-7.92,-5.15,2.06,9.6692,1.0625,-0.684,-1.1181,58.63,-67.19,324.38,-4.3623,2.384,3.9789,6.3674,1
2,8,0,0,22.35,22350,-8.43,-6.25,0.98,10.5398,0.0349,-0.2727,-0.0087,54.5,-78.31,319.88,-4.8983,1.2463,3.5837,6.1959,1
2,8,0,0,22.471,22471,-7.83,-4.65,0.17,9.1083,0.3022,0.2356,0.4658,56.94,-77.75,322.94,-5.2846,0.4693,3.1339,6.1618,1
2,8,0,0,22.593,22593,-7.84,-5.22,1.38,9.5194,0.0218,0.6185,0.8836,60.25,-72.5,329.69,-5.6213,-0.2804,2.9027,6.3328,1
2,8,0,0,22.713,22713,-7.63,-2.71,1.7,8.2735,-0.12,0.5672,2.0453,67.81,-53.75,340.94,-5.886,-0.6006,2.7443,6.522,1
2,8,0,0,22.834,22834,-8.69,-0.78,2.49,9.0733,-0.0316,0.2945,1.7999,73.38,-20.69,353.5,-6.2555,-0.6242,2.7108,6.8461,1
2,8,0,0,22.955,22955,-7.56,1.88,2.35,8.137,-0.3185,0.1953,2.5678,70.38,29.88,8.13,-6.4274,-0.2942,2.6632,6.9635,1
2,8,0,0,23.081,23081,-7.55,5.22,2.58,9.5345,-0.312,0.1724,2.5831,57.63,55.63,23.38,-6.5753,0.4324,2.6522,7.1033,1
2,8,0,0,23.244,23244,-5.3,8.03,2.01,9.8291,-0.4036,-0.5116,1.8926,37.88,72.44,44.31,-6.4073,1.4336,2.5676,7.0499,1
2,8,0,0,23.364,23364,-5.19,9.98,1.36,11.3308,-0.4396,-0.564,1.7257,27.69,79.56,57.19,-6.2469,2.5598,2.4085,7.1678,1
2,8,0,0,23.485,23485,-3.16,10.3,1.08,10.8278,-0.0011,-0.0131,1.7453,15.63,82.69,70.56,-5.8401,3.5797,2.2334,7.2048,1
2,8,0,0,23.607,23607,-1.85,10.58,1.48,10.842,0.1756,0.264,1.2741,6.13,81.81,79.06,-5.3143,4.5022,2.1341,7.2847,1
2,8,0,0,23.728,23728,-0.52,10.37,1.69,10.5197,-0.0229,0.084,0.8421,-1.63,81.19,85.88,-4.6825,5.2754,2.0756,7.3529,1
2,8,0,0,23.853,23853,-0.23,10.42,1.33,10.5071,-0.0185,0.0175,0.1691,-4.44,81.44,88.44,-4.0958,5.9533,1.9774,7.4919,1
2,8,0,0,23.973,23973,-0.45,10.72,1.35,10.814,-0.0742,0.0305,-0.3556,-2.56,81.88,86.56,-3.6154,6.5815,1.8947,7.7445,1
2,8,0,0,24.096,24096,-1.19,10.66,1.42,10.8198,-0.0087,-0.1898,-1.2217,4.19,82.25,80.25,-3.2958,7.1189,1.8321,8.0559,1
2,8,0,0,24.259,24259,-3.56,9.71,0.87,10.3786,-0.2149,-0.0076,-2.2744,21.31,83.13,61.88,-3.3306,7.4604,1.7054,8.3461,1
2,8,0,0,24.385,24385,-5.08,9.01,0.91,10.3834,0.2858,0.0033,-1.1203,33.13,81.88,49.63,-3.5611,7.6646,1.6005,8.6017,1
2,8,0,0,24.507,24507,-5.75,7.48,1.24,9.5158,0.0436,0.0851,-1.321,40.44,79.25,42.69,-3.8496,7.6402,1.553,8.6951,1
2,8,0,0,24.628,24628,-7.16,6.75,1.15,9.9071,0.0884,0.1156,-1.2141,49.25,76.44,33.19,-4.2858,7.5229,1.4999,8.7871,1
2,9,0,0,24.749,24749,-7.23,5.2,1.36,9.009,0.1134,0.2476,-1.0047,56.0,71.31,25.88,-4.6738,7.2168,1.4815,8.7248,1
2,9,0,0,24.87,24870,-7.62,4.56,1.65,9.0322,-0.036,0.0393,-0.6763,60.06,66.75,20.88,-5.062,6.8667,1.5037,8.6624,1
2,9,0,0,24.991,24991,-8.61,4.11,1.41,9.6443,-0.2203,-0.3676,-0.7712,64.56,66.81,16.25,-5.5295,6.5035,1.4913,8.6657,1
2,9,0,0,25.113,25113,-10.43,3.02,1.02,10.9062,-0.156,-0.0938,-1.237,72.63,64.5,8.06,-6.1753,6.0444,1.4292,8.7585,1
2,9,0,0,25.276,25276,-9.34,2.28,1.19,9.6876,0.0229,0.5312,-0.7101,76.56,41.69,0.56,-6.5923,5.5484,1.3977,8.7291,1
2,9,0,0,25.399,25399,-9.37,0.4,2.01,9.5915,0.2334,0.0873,-1.2948,77.38,4.38,354.13,-6.9583,4.8699,1.4784,8.6209,1
2,9,0,0,25.521,25521,-9.3,-0.91,1.72,9.5014,-0.1724,-0.492,-1.1159,77.25,-28.06,348.19,-7.2669,4.1083,1.5102,8.4833,1
2,9,0,0,25.641,25641,-10.19,-1.9,0.92,10.4064,0.0295,-0.4592,-1.7224,72.44,-64.25,336.5,-7.6521,3.3166,1.4325,8.462,1
2,9,0,0,25.763,25763,-8.74,-3.45,1.24,9.4777,0.0785,0.5018,-0.9196,64.75,-71.38,328.81,-7.7955,2.4249,1.4071,8.2843,1
2,9,0,0,25.883,25883,-6.56,-4.97,2.0,8.4696,0.2083,0.6589,-0.8203,57.56,-68.31,325.25,-7.6327,1.4504,1.4852,7.9099,1
2,9,0,0,26.005,26005,-6.06,-5.41,2.38,8.465,-0.0185,0.1025,0.3011,54.06,-66.63,324.19,-7.4254,0.5464,1.6031,7.6161,1
2,9,0,0,26.126,26126,-6.91,-4.08,1.82,8.2284,-0.1418,-0.3436,1.0701,58.13,-64.75,327.63,-7.3575,-0.0632,1.6317,7.5365,1
2,9,0,0,26.292,26292,-8.64,-0.95,1.21,8.7759,-0.1298,-0.1309,2.0213,74.0,-47.06,343.0,-7.5265,-0.1801,1.5761,7.6919,1
2,9,0,0,26.413,26413,-8.46,0.68,1.65,8.6462,0.1342,0.0262,2.1206,78.94,10.13,357.13,-7.6495,-0.0667,1.5859,7.8125,1
2,9,0,0,26.534,26534,-8.6,4.06,1.75,9.6699,-0.0687,0.0698,2.4958,70.19,54.38,11.94,-7.7748,0.4771,1.6075,7.9535,1
2,9,0,0,26.655,26655,-6.5,7.15,1.32,9.7527,-0.0535,-0.3011,2.4664,54.75,71.44,29.5,-7.6068,1.3564,1.5696,7.8846,1
2,9,0,0,26.777,26777,-5.88,9.42,0.76,11.1305,-0.0796,-0.4549,2.4762,39.63,79.38,47.0,-7.3792,2.419,1.4629,7.9022,1
2,9,0,0,26.903,26903,-4.52,10.51,0.9,11.4761,0.0262,-0.0567,2.378,23.94,82.44,64.25,-7.0025,3.4851,1.3887,7.9441,1
2,9,0,0,27.025,27025,-2.06,10.62,1.31,10.897,0.2367,0.5563,1.8664,8.81,81.44,77.44,-6.3512,4.4253,1.3784,7.8626,1
2,9,0,0,27.145,27145,-0.47,10.59,1.63,10.725,0.0207,0.7374,1.285,-2.25,80.5,84.13,-5.5762,5.2377,1.4115,7.7794,1
2,9,0,0,27.308,27308,1.11,10.6,1.73,10.7975,0.0873,0.3687,0.3196,-9.63,80.25,86.31,-4.6951,5.9443,1.4535,7.7131,1
2,9,0,0,27.428,27428,1.41,11.19,1.48,11.3752,0.0644,0.0971,-0.7036,-8.38,80.25,83.69,-3.8906,6.6355,1.457,7.8288,1
2,9,0,0,27.55,27550,-0.9,10.38,2.42,10.6963,0.4505,-0.108,-1.6112,0.25,78.25,75.13,-3.4965,7.129,1.5839,8.0967,1
2,9,0,0,27.671,27671,-1.56,9.68,2.53,10.1261,0.2073,-0.0622,-1.8184,11.38,75.81,63.38,-3.2413,7.4651,1.7086,8.3159,1
2,9,0,0,27.797,27797,-3.78,9.65,1.84,10.526,0.4287,0.048,-1.8413,23.56,72.88,50.5,-3.3123,7.753,1.7259,8.6058,1
2,9,0,0,27.918,27918,-3.9,7.96,3.41,9.4974,0.6261,0.4265,-0.6654,30.81,65.06,41.69,-3.3898,7.7803,1.9478,8.7073,1
2,9,0,0,28.038,28038,-5.0,7.45,3.43,9.6056,0.1778,-0.3011,-1.7901,37.31,60.5,35.0,-3.602,7.7368,2.1431,8.7991,1
2,10,0,0,28.159,28159,-7.07,5.22,2.88,9.2481,0.3043,-0.3502,-1.2435,48.38,55.44,25.75,-4.059,7.4051,2.2402,8.7367,1
2,10,0,0,28.321,28321,-7.75,4.55,3.93,9.8087,0.36,0.1342,-0.8792,54.25,47.56,19.94,-4.5453,7.0289,2.4629,8.7253,1
2,10,0,0,28.442,28442,-8.56,3.26,3.84,9.9321,0.2018,-0.096,-1.2708,58.81,38.06,14.0,-5.0744,6.5323,2.6444,8.684,1
2,10,0,0,28.568,28568,-9.4,2.38,3.33,10.2525,0.0644,-0.2182,-1.6166,65.0,21.25,4.63,-5.6444,5.9851,2.7347,8.6694,1
2,10,0,0,28.69,28690,-9.11,1.01,2.81,9.5869,0.1593,-0.1658,-1.6744,68.25,-4.81,354.56,-6.1011,5.3295,2.7446,8.5533,1
2,10,0,0,28.811,28811,-8.81,-2.17,3.37,9.6789,0.3447,-0.108,-1.9144,64.13,-36.81,343.19,-6.458,4.3413,2.827,8.2792,1
2,10,0,0,28.931,28931,-7.71,-3.59,2.85,8.9697,0.0611,-0.1854,-1.3701,57.44,-52.75,333.88,-6.623,3.2961,2.8301,7.9207,1
2,10,0,0,29.052,29052,-7.06,-5.24,2.75,9.2121,0.0425,-0.1636,-1.1956,52.06,-61.06,326.5,-6.6806,2.1713,2.8195,7.5693,1
2,10,0,0,29.173,29173,-6.6,-5.84,2.35,9.1208,-0.2705,0.1571,-1.4737,43.94,-65.0,317.0,-6.67,1.1156,2.7576,7.3033,1
2,10,0,0,29.335,29335,-5.96,-5.69,2.91,8.7388,-0.1691,0.3916,1.5926,41.75,-60.63,316.88,-6.5764,0.2188,2.7777,7.1423,1
2,10,0,0,29.461,29461,-6.95,-4.54,3.91,9.1762,-0.0698,0.1822,1.8348,51.88,-50.5,331.06,-6.6256,-0.4083,2.9269,7.2548,1
2,10,0,0,29.583,29583,-8.24,-2.86,3.74,9.4902,-0.2945,0.4123,1.1683,56.88,-37.56,340.19,-6.8384,-0.7314,3.0341,7.5169,1
2,10,0,0,29.703,29703,-7.69,-0.22,3.97,8.6571,-0.1658,0.7429,2.5645,58.75,-14.88,352.81,-6.9506,-0.664,3.1574,7.663,1
2,10,0,0,29.825,29825,-8.03,1.22,5.09,9.5853,-0.0687,0.7123,2.0791,54.56,9.5,8.38,-7.0928,-0.4157,3.4121,7.8818,1
2,10,0,0,29.945,29945,-4.68,3.07,5.65,7.953,-0.2258,0.5301,1.4715,46.25,23.0,19.56,-6.7749,0.0436,3.707,7.7229,1
2,10,0,0,30.066,30066,-5.8,4.7,5.19,9.0921,-0.9032,-0.9959,1.7126,43.56,35.88,27.88,-6.6464,0.6572,3.9024,7.7353,1
2,10,0,0,30.187,30187,-5.22,8.91,2.83,10.7073,-0.8181,-0.913,2.258,37.31,56.5,42.88,-6.4585,1.7447,3.7611,7.6747,1
2,10,0,0,30.354,30354,-4.98,9.38,3.12,11.0688,-0.18,0.012,1.8653,25.38,66.44,59.44,-6.2636,2.7508,3.6766,7.7664,1
2,10,0,0,30.476,30476,-1.09,9.42,2.86,9.9048,-0.4941,0.648,1.861,10.31,70.31,72.19,-5.5819,3.6297,3.569,7.5544,1
2,10,0,0,30.597,30597,0.1,10.58,2.54,10.8811,-0.4287,0.7647,1.7431,-1.69,73.44,79.63,-4.8332,4.5455,3.4334,7.4706,1
2,10,0,0,30.718,30718,1.51,10.31,2.64,10.7492,-0.3153,0.8181,1.0919,-12.56,76.25,85.69,-3.9973,5.3052,3.3289,7.43,1
2,10,0,0,30.838,30838,2.35,10.57,2.58,11.1312,-0.2618,0.5334,0.4091,-17.75,79.19,86.69,-3.1609,5.9989,3.2302,7.5108,1
2,10,0,0,30.959,30959,2.43,10.52,2.22,11.0229,0.2367,-0.0218,-0.6447,-16.38,79.44,84.0,-2.4241,6.5947,3.0971,7.6784,1
2,10,0,0,31.08,31080,0.99,10.79,2.46,11.1111,0.528,-0.1516,-1.2283,-9.56,76.63,77.56,-1.9742,7.1475,3.0131,8.004,1
2,10,0,0,31.201,31201,0.2,10.39,2.81,10.7651,0.5411,-0.0622,-1.873,0.38,73.25,65.25,-1.6877,7.5748,2.9863,8.3153,1
2,10,0,0,31.368,31368,-1.83,8.48,2.79,9.1128,0.5203,-0.5901,-2.0104,19.69,67.13,48.88,-1.7065,7.6941,2.9605,8.4188,1
2,10,0,0,31.489,31489,-5.07,7.96,2.97,9.8938,0.324,-0.4047,-1.693,33.13,63.25,38.44,-2.1497,7.7291,2.9617,8.5517,1
2,10,0,0,31.609,31609,-6.4,6.59,2.86,9.6212,0.4461,0.2127,-1.4901,41.31,58.38,30.88,-2.7098,7.579,2.9483,8.5719,1
2,10,0,0,31.73,31730,-6.18,7.29,3.94,10.3373,0.5323,0.3109,-0.0949,41.63,52.56,29.5,-3.1671,7.5409,3.079,8.7393,1
2,10,0,0,31.852,31852,-7.19,2.94,4.05,8.7603,0.2825,0.42,-2.4336,48.13,40.88,19.5,-3.6972,6.9346,3.207,8.4878,1
2,10,0,0,31.972,31972,-4.18,3.37,3.67,6.5037,0.7898,0.168,0.3872,47.25,34.31,17.69,-3.7608,6.4649,3.268,8.162,1
2,10,0,0,32.094,32094,-6.88,2.17,5.1,8.8348,-0.0873,-0.0796,-1.477,49.5,28.63,14.75,-4.1718,5.899,3.5094,8.0323,1
2,10,0,0,32.22,32220,-9.54,4.78,4.49,11.5767,0.0295,0.036,0.3927,52.38,21.56,8.19,-4.8792,5.7515,3.6386,8.3741,1
2,10,0,0,32.382,32382,-8.91,1.02,6.0,10.7902,0.3131,0.5269,-0.7603,51.13,11.81,6.25,-5.4104,5.128,3.9498,8.4362,1
2,10,0,0,32.504,32504,-7.43,1.66,6.13,9.7743,0.2662,0.3022,-0.7309,48.44,2.06,0.5,-5.6765,4.671,4.2371,8.4849,1
