participant,rep,equipment_code,exercise_code,quality_code,timestamp,timestamp_ms,accelX,accelY,accelZ,accelMag,gyroX,gyroY,gyroZ,roll,pitch,yaw,filteredX,filteredY,filteredZ,filteredMag
1,1,0,1,1,00.000,0,0.3000,1.2200,-9.3600,9.4439,-0.0982,0.1996,0.1713,-0.75,173.19,158.44,-0.1065,1.7420,-7.8652,8.0565
1,1,0,1,1,00.158,158,0.2500,1.1200,-9.8600,9.9266,-0.0862,0.0349,0.1876,-0.31,173.81,156.75,-0.0596,1.6600,-8.1281,8.2961
1,1,0,1,1,00.260,260,0.2600,1.5800,-9.7500,9.8806,-0.0480,-0.0262,0.1582,-0.50,174.38,155.94,-0.0174,1.6495,-8.3418,8.5034
1,1,0,1,1,00.362,362,0.2600,0.9700,-9.8700,9.9210,0.0098,0.0305,-0.0142,-0.56,174.06,155.75,0.0191,1.5599,-8.5432,8.6845
1,1,0,1,1,00.469,469,0.3500,1.6000,-9.6900,9.8274,-0.0535,-0.0185,-0.0469,-0.44,174.56,156.00,0.0627,1.5652,-8.6943,8.8343
1,1,0,1,1,00.572,572,0.2800,1.0300,-9.6400,9.6989,0.0753,-0.1069,0.0109,-1.00,174.00,156.06,0.0914,1.4947,-8.8189,8.9452
1,1,0,1,1,00.686,686,0.1300,1.3100,-9.5500,9.6403,0.0044,-0.0491,-0.0065,-1.44,173.69,156.13,0.0964,1.4704,-8.9153,9.0362
1,1,0,1,1,00.788,788,0.3600,1.5900,-9.8000,9.9347,0.0425,0.0415,0.0273,-1.50,173.50,156.06,0.1312,1.4861,-9.0319,9.1542
1,1,0,1,1,00.890,890,0.5900,1.2600,-9.7100,9.8092,0.1429,0.0022,0.0305,-1.44,172.50,156.00,0.1916,1.4563,-9.1212,9.2387
1,1,0,1,1,00.993,993,0.0600,1.7400,-10.8100,10.9493,-0.1069,-0.0327,-0.1680,-1.69,172.50,156.25,0.1743,1.4937,-9.3438,9.4640
1,1,0,1,1,01.099,1099,0.6000,2.0400,-9.1800,9.4231,0.3938,0.3218,0.0175,-0.44,172.19,156.94,0.2304,1.5657,-9.3222,9.4556
1,1,0,1,1,01.204,1204,0.4500,1.0700,-9.3800,9.4516,0.3196,-0.0480,0.0774,0.50,169.25,157.50,0.2593,1.5004,-9.3298,9.4532
1,1,0,1,1,01.308,1308,-0.3300,1.8300,-9.4700,9.6508,0.0633,-0.0600,-0.0709,-0.06,168.75,157.50,0.1817,1.5438,-9.3483,9.4766
1,1,0,1,1,01.412,1412,0.7500,2.1700,-9.9500,10.2115,0.2029,0.1669,0.0305,0.31,168.06,157.69,0.2566,1.6263,-9.4276,9.5703
1,1,0,1,1,01.514,1514,0.0100,1.8000,-9.1800,9.3548,0.3218,0.0742,-0.0676,0.88,166.44,157.69,0.2241,1.6492,-9.3949,9.5412
1,1,0,1,1,01.622,1622,-0.3700,2.4200,-8.9900,9.3174,0.0698,-0.1724,0.1353,0.63,165.06,157.69,0.1458,1.7508,-9.3416,9.5053
1,1,0,1,1,01.737,1737,-0.0400,2.7900,-9.3700,9.7766,0.0949,0.1276,0.0076,0.44,164.38,157.69,0.1213,1.8877,-9.3453,9.5348
1,1,0,1,1,01.839,1839,0.8100,2.9000,-9.9700,10.4147,0.0556,-0.1036,0.0044,0.88,164.25,158.00,0.2121,2.0211,-9.4276,9.6442
1,1,0,1,1,01.941,1941,-0.7500,2.4000,-8.7600,9.1137,0.3556,-0.1484,-0.1189,0.44,162.44,158.44,0.0853,2.0710,-9.3397,9.5669
1,1,0,1,1,02.044,2044,-0.2300,3.6000,-8.8100,9.5199,-0.1429,0.1254,0.1244,0.56,162.50,158.25,0.0437,2.2725,-9.2699,9.5445
1,1,0,1,1,02.146,2146,0.6700,3.5600,-10.0300,10.6641,0.3174,0.1844,-0.0022,1.19,161.94,157.81,0.1263,2.4422,-9.3700,9.6839
1,1,0,1,1,02.254,2254,-0.0900,3.1400,-9.5100,10.0154,0.2182,0.1200,-0.1822,2.50,160.00,158.19,0.0978,2.5341,-9.3885,9.7250
1,1,0,1,1,02.356,2356,-0.4800,3.6800,-7.4000,8.2785,0.4712,-0.0371,-0.0273,2.94,158.38,158.63,0.0216,2.6851,-9.1264,9.5133
1,1,0,1,1,02.458,2458,-0.0900,3.2900,-8.4400,9.0590,0.2618,-0.0207,-0.1233,2.94,156.00,159.75,0.0069,2.7648,-9.0360,9.4495
1,1,0,1,1,02.565,2565,0.1900,4.1100,-9.5600,10.4078,-0.0327,0.0709,-0.2749,3.13,156.25,160.88,0.0310,2.9421,-9.1050,9.5686
1,1,0,1,1,02.667,2667,-1.3300,4.4700,-9.2800,10.3860,0.2378,0.2367,0.1429,4.63,155.31,162.00,-0.1483,3.1434,-9.1281,9.6553
1,1,0,1,1,02.782,2782,0.0000,4.2600,-8.7100,9.6960,0.3251,0.0513,0.1069,5.63,153.00,161.00,-0.1288,3.2906,-9.0730,9.6521
1,1,0,1,1,02.884,2884,-0.6900,3.6100,-9.8300,10.4946,0.2291,0.1418,-0.5389,6.38,151.31,161.88,-0.2027,3.3327,-9.1728,9.7615
1,1,0,1,1,02.987,2987,-2.2200,5.4200,-8.1900,10.0688,0.2138,-0.1309,0.1418,6.44,150.31,162.31,-0.4685,3.6077,-9.0433,9.7476
1,1,0,1,1,03.089,3089,-0.4500,5.3200,-5.2000,7.4528,0.2116,-0.1167,0.6261,6.13,148.50,162.00,-0.4661,3.8334,-8.5368,9.3696
1,1,0,1,1,03.191,3191,-0.2700,4.3600,-4.6800,6.4019,0.0873,0.1124,0.3785,6.50,147.06,161.50,-0.4403,3.9028,-8.0286,8.9378
1,1,0,1,1,03.297,3297,-1.2200,5.3300,-3.2700,6.3710,0.0545,0.3785,0.0382,7.19,147.38,160.38,-0.5430,4.0908,-7.4015,8.4742
1,2,0,1,1,03.399,3399,-1.7400,5.2000,-7.6500,9.4122,-0.3643,-0.2105,-0.1069,8.81,147.44,160.25,-0.7007,4.2370,-7.4343,8.5855
1,2,0,1,1,03.501,3501,-0.3000,5.4100,-7.2700,9.0670,-0.2422,-0.3785,0.0382,7.00,149.94,160.88,-0.6479,4.3916,-7.4126,8.6402
1,2,0,1,1,03.608,3608,-0.2800,3.3800,-10.0200,10.5784,-0.0349,-0.0949,-0.1538,6.19,150.38,162.50,-0.5995,4.2583,-7.7562,8.8685
1,2,0,1,1,03.710,3710,-1.4100,4.3400,-8.1400,9.3318,-0.4505,-0.1014,-0.0109,4.50,152.44,163.13,-0.7063,4.2690,-7.8068,8.9258
1,2,0,1,1,03.829,3829,-1.1800,5.1200,-8.4500,9.9503,-0.5520,-0.0545,0.3862,4.50,155.88,162.38,-0.7687,4.3812,-7.8915,9.0588
1,2,0,1,1,03.931,3931,-0.5400,4.0100,-9.0700,9.9316,0.1887,0.2923,0.0513,5.00,156.50,161.56,-0.7386,4.3323,-8.0468,9.1687
1,2,0,1,1,04.033,4033,-0.4600,3.1600,-9.4500,9.9750,-0.0742,0.1396,0.0044,5.44,155.81,160.88,-0.7018,4.1778,-8.2317,9.2579
1,2,0,1,1,04.135,4135,-1.1300,3.4700,-8.5300,9.2779,-0.2880,0.2989,-0.0349,5.81,157.00,160.00,-0.7583,4.0845,-8.2710,9.2557
1,2,0,1,1,04.289,4289,-0.2800,3.8400,-9.9200,10.6410,-0.6327,-0.4232,0.0873,5.44,161.06,158.63,-0.6952,4.0523,-8.4883,9.4317
1,2,0,1,1,04.392,4392,-1.4200,2.8200,-9.3300,9.8498,0.0436,-0.1025,-0.0327,3.56,162.50,158.56,-0.7907,3.8899,-8.5992,9.4712
1,2,0,1,1,04.494,4494,-0.8400,2.6700,-9.5000,9.9038,-0.2476,0.1560,-0.0109,4.13,163.00,158.25,-0.7972,3.7292,-8.7179,9.5155
1,2,0,1,1,04.596,4596,-0.4600,2.7400,-8.8500,9.2759,-0.1942,0.0818,-0.1080,5.06,164.25,158.00,-0.7528,3.5988,-8.7353,9.4776
1,2,0,1,1,04.698,4698,-0.3600,2.2500,-9.3400,9.6139,-0.2269,-0.3229,0.0404,4.44,165.25,158.25,-0.7010,3.4211,-8.8150,9.4815
1,2,0,1,1,04.813,4813,-0.9700,2.7400,-9.4800,9.9156,-0.2454,-0.2956,0.0240,2.13,166.94,158.38,-0.7365,3.3313,-8.9026,9.5340
1,2,0,1,1,04.915,4915,-0.5400,2.9000,-9.3300,9.7852,0.1527,0.2553,0.0633,2.19,167.25,157.94,-0.7106,3.2745,-8.9590,9.5650
1,2,0,1,1,05.022,5022,-0.2100,1.9800,-9.2000,9.4130,0.2149,0.3316,0.0284,4.50,165.56,157.69,-0.6446,3.1039,-8.9907,9.5333
1,2,0,1,1,05.124,5124,-0.1000,2.7000,-9.7800,10.1463,-0.2302,-0.3829,0.1178,3.88,166.13,157.56,-0.5729,3.0507,-9.0947,9.6098
1,2,0,1,1,05.227,5227,-0.5000,2.1700,-9.5200,9.7770,0.0916,-0.3283,0.0022,1.75,166.25,157.63,-0.5633,2.9346,-9.1508,9.6263
1,2,0,1,1,05.333,5333,-1.0100,1.8100,-9.5200,9.7430,-0.2607,0.0229,-0.0218,0.94,166.31,157.38,-0.6221,2.7864,-9.1994,9.6323
1,2,0,1,1,05.435,5435,-1.1400,2.0800,-9.3600,9.6559,-0.0829,0.3392,-0.0731,2.19,167.25,157.06,-0.6904,2.6933,-9.2206,9.6307
1,2,0,1,1,05.537,5537,-0.4000,1.9800,-10.0000,10.2020,-0.3698,0.0513,0.1527,3.44,168.19,156.44,-0.6521,2.5993,-9.3233,9.7008
1,2,0,1,1,05.639,5639,-0.3200,2.3400,-9.0100,9.3144,0.3174,-0.1429,0.2498,2.69,168.25,155.00,-0.6083,2.5652,-9.2820,9.6491
1,2,0,1,1,05.741,5741,-0.2900,1.3100,-9.9500,10.0401,-0.2323,-0.6283,-0.0164,0.19,167.44,154.44,-0.5664,2.3998,-9.3700,9.6890
1,2,0,1,1,05.856,5856,-0.3800,2.8200,-8.8900,9.3343,0.3022,-0.0131,-0.0349,-2.31,168.69,154.69,-0.5418,2.4551,-9.3068,9.6404
1,2,0,1,1,05.959,5959,0.4500,1.8400,-10.5500,10.7187,-0.0916,0.1473,-0.0305,-1.63,167.38,154.94,-0.4111,2.3741,-9.4706,9.7723
1,2,0,1,1,06.065,6065,0.4500,3.9100,-10.1900,10.9237,0.0404,-0.0753,0.0840,-1.56,168.75,155.31,-0.2977,2.5765,-9.5654,9.9108
1,2,0,1,1,06.167,6167,0.7200,1.9300,-9.7000,9.9163,0.5203,-0.1233,0.1298,-2.50,165.94,155.31,-0.1636,2.4913,-9.5831,9.9030
1,2,0,1,1,06.325,6325,0.1300,2.2200,-8.9100,9.1833,-0.0022,0.4145,-0.0415,-0.94,164.19,156.00,-0.1249,2.4555,-9.4944,9.8076
1,2,0,1,1,06.427,6427,0.8800,3.0100,-9.3800,9.8903,-0.1451,-0.0196,0.0284,0.38,164.88,155.63,0.0075,2.5286,-9.4794,9.8108
1,2,0,1,1,06.529,6529,-0.2900,2.8600,-9.3500,9.7819,0.2258,-0.1276,-0.1036,-0.25,164.25,155.88,-0.0317,2.5723,-9.4623,9.8058
1,2,0,1,1,06.636,6636,-0.1600,2.5400,-9.7900,10.1154,0.1025,0.1647,-0.1265,0.25,163.25,156.56,-0.0486,2.5680,-9.5055,9.8464
1,2,0,1,1,06.738,6738,-0.0500,3.6500,-9.6900,10.3548,0.3120,0.0120,-0.0207,1.31,162.25,157.19,-0.0488,2.7106,-9.5298,9.9079
1,2,0,1,1,06.852,6852,0.2600,2.2800,-8.4200,8.7271,0.5443,-0.1440,-0.1189,0.94,158.63,157.75,-0.0081,2.6539,-9.3836,9.7516
1,2,0,1,1,06.955,6955,-0.9300,3.7800,-9.5300,10.2944,-0.2203,-0.0338,-0.2116,0.69,158.06,158.75,-0.1296,2.8023,-9.4029,9.8124
1,2,0,1,1,07.058,7058,-0.4400,3.9500,-9.4300,10.2333,0.1953,0.2203,-0.0567,1.38,158.50,159.13,-0.1705,2.9535,-9.4064,9.8607
1,2,0,1,1,07.160,7160,-0.0500,2.8700,-8.6000,9.0664,0.1636,0.1887,0.0000,2.94,157.00,159.13,-0.1546,2.9425,-9.3002,9.7558
1,2,0,1,1,07.268,7268,-0.5400,4.9500,-9.1300,10.3996,-0.0098,-0.0742,0.2193,2.19,157.31,158.31,-0.2054,3.2070,-9.2777,9.8185
1,2,0,1,1,07.375,7375,-0.5200,4.1200,-8.5100,9.4692,0.6883,0.3185,-0.1309,3.88,154.31,158.63,-0.2468,3.3273,-9.1766,9.7643
1,2,0,1,1,07.479,7479,-0.5100,3.8500,-7.1700,8.1542,0.0458,0.1047,-0.0415,5.56,152.06,159.06,-0.2815,3.3962,-8.9122,9.5415
1,2,0,1,1,07.581,7581,-0.6300,4.6700,-9.7500,10.8290,0.0894,-0.1233,-0.2836,5.56,151.94,159.75,-0.3274,3.5641,-9.0226,9.7065
1,2,0,1,1,07.687,7687,-2.4600,5.5200,-8.4900,10.4212,0.4789,0.0665,-0.1822,5.44,150.63,161.00,-0.6085,3.8218,-8.9524,9.7530
1,2,0,1,1,07.790,7790,-1.4300,5.0500,-7.6200,9.2527,0.3796,0.0175,0.0436,6.19,146.94,161.31,-0.7167,3.9837,-8.7768,9.6652
1,2,0,1,1,07.905,7905,0.1300,5.1700,-7.8300,9.3837,0.3502,0.1658,0.2389,6.44,144.69,160.69,-0.6051,4.1400,-8.6520,9.6106
1,2,0,1,1,08.008,8008,-0.6000,5.9200,-5.3200,7.9818,0.4636,0.1625,0.1396,6.69,143.00,160.06,-0.6045,4.3745,-8.2130,9.3250
1,2,0,1,1,08.111,8111,-1.4800,5.1700,-8.1200,9.7393,-0.0338,0.1134,-0.2749,8.06,141.31,160.25,-0.7198,4.4794,-8.2007,9.3720
1,2,0,1,1,08.213,8213,-0.9200,5.8100,-6.7200,8.9309,-0.2760,-0.0295,-0.1440,7.88,143.13,160.13,-0.7462,4.6547,-8.0056,9.2905
1,2,0,1,1,08.320,8320,-1.9800,5.1900,-7.3300,9.1970,-0.4265,-0.1898,-0.3076,7.69,145.06,161.44,-0.9088,4.7252,-7.9166,9.2642
1,3,0,1,1,08.425,8425,-0.7600,5.7600,-8.9400,10.6620,-0.5018,-0.1014,-0.0589,6.94,148.81,162.31,-0.8892,4.8616,-8.0514,9.4473
1,3,0,1,1,08.531,8531,-1.9500,4.2900,-8.8400,10.0176,0.1974,0.0185,-0.4472,7.69,149.19,163.94,-1.0290,4.7863,-8.1553,9.5119
1,3,0,1,1,08.633,8633,-1.4800,4.7200,-7.9700,9.3803,-0.4647,0.1287,-0.0153,8.13,150.44,164.13,-1.0884,4.7775,-8.1309,9.4932
1,3,0,1,1,08.735,8735,-0.0400,4.6400,-9.2900,10.3844,-0.3360,-0.0251,0.1745,8.19,152.81,163.50,-0.9503,4.7594,-8.2837,9.6007
1,3,0,1,1,08.842,8842,-0.7200,4.5500,-7.8600,9.1105,0.2323,-0.1145,0.0960,6.88,153.25,163.38,-0.9199,4.7318,-8.2278,9.5359
1,3,0,1,1,08.956,8956,-0.8800,3.4300,-8.6200,9.3190,-0.2160,-0.0720,-0.0044,6.56,152.69,163.31,-0.9147,4.5603,-8.2795,9.4965
1,3,0,1,1,09.059,9059,-1.2100,4.4100,-8.5600,9.7049,-0.5345,0.0654,0.1014,6.44,155.38,162.75,-0.9536,4.5405,-8.3165,9.5231
1,3,0,1,1,09.161,9161,-0.8300,3.3800,-8.7600,9.4261,-0.3207,-0.1124,0.0458,6.56,157.13,162.38,-0.9373,4.3876,-8.3749,9.5010
1,3,0,1,1,09.264,9264,-1.3500,2.9900,-8.6700,9.2699,-0.7701,-0.3262,0.0371,5.13,160.38,162.31,-0.9917,4.2034,-8.4138,9.4575
1,3,0,1,1,09.366,9366,-0.7600,2.9800,-9.2100,9.7099,-0.6469,-0.0349,0.1505,4.44,164.44,162.06,-0.9611,4.0422,-8.5187,9.4780
1,3,0,1,1,09.474,9474,-0.5100,3.1400,-10.0200,10.5129,-0.4036,-0.0796,-0.0796,4.31,167.63,162.13,-0.9017,3.9233,-8.7166,9.6012
1,3,0,1,1,09.576,9576,-0.5500,2.0500,-9.7100,9.9393,0.3316,-0.1113,-0.0829,3.56,167.19,162.44,-0.8554,3.6764,-8.8475,9.6190
1,3,0,1,1,09.681,9681,-0.5300,1.5300,-10.0500,10.1796,-0.0284,-0.0295,0.0251,3.50,166.19,163.00,-0.8125,3.3936,-9.0059,9.6583
1,3,0,1,1,09.785,9785,-0.4300,2.3200,-9.3000,9.5946,-0.1156,-0.1767,-0.0753,1.94,167.38,162.75,-0.7621,3.2521,-9.0447,9.6417
1,3,0,1,1,09.887,9887,-0.5200,1.6500,-9.4800,9.6366,-0.0491,0.1353,0.0415,2.06,167.50,163.13,-0.7302,3.0410,-9.1020,9.6243
1,3,0,1,1,10.002,10002,-0.2500,2.2600,-9.8600,10.1188,-0.2738,0.0044,0.2542,2.25,168.81,162.31,-0.6669,2.9381,-9.2019,9.6826
1,3,0,1,1,10.105,10105,0.8000,2.6900,-10.0800,10.4634,-0.0633,-0.4854,0.1451,0.75,169.75,161.19,-0.4736,2.9054,-9.3176,9.7716
1,3,0,1,1,10.208,10208,-0.4000,1.8000,-9.0700,9.2555,0.3174,-0.1920,0.0644,-1.63,168.75,160.63,-0.4639,2.7597,-9.2850,9.6976
1,3,0,1,1,10.310,10310,-0.3300,1.2500,-9.1600,9.2508,-0.0065,0.3262,0.1418,-0.81,167.75,160.13,-0.4463,2.5608,-9.2685,9.6261
1,3,0,1,1,10.412,10412,-0.0800,1.7400,-9.7500,9.9044,-0.3883,0.3043,0.0305,1.06,169.13,159.88,-0.3980,2.4526,-9.3320,9.6571
1,3,0,1,1,10.517,10517,-0.4600,1.9500,-9.5800,9.7873,-0.1516,0.0993,-0.0644,2.13,170.88,159.38,-0.4062,2.3864,-9.3647,9.6725
1,3,0,1,1,10.619,10619,-0.0200,1.4100,-10.6900,10.7826,-0.2411,-0.1571,0.1996,2.00,171.69,158.50,-0.3553,2.2577,-9.5393,9.8093
1,3,0,1,1,10.725,10725,-0.6300,2.0300,-9.9700,10.1941,-0.0753,-0.3043,0.1833,0.31,172.81,157.69,-0.3915,2.2277,-9.5961,9.8590
1,3,0,1,1,10.828,10828,-0.8300,0.8700,-8.9800,9.0601,0.1331,-0.0371,0.0654,-0.94,172.38,156.56,-0.4493,2.0488,-9.5149,9.7433
1,3,0,1,1,10.930,10930,-0.0500,1.1500,-10.1500,10.2151,-0.2596,0.3698,-0.0393,0.25,172.75,156.13,-0.3967,1.9304,-9.5986,9.7988
1,3,0,1,1,11.048,11048,0.2000,1.9900,-10.4200,10.6102,-0.0687,0.2989,-0.0273,2.75,174.13,156.25,-0.3180,1.9382,-9.7068,9.9035
1,3,0,1,1,11.150,11150,-0.0900,1.7300,-9.8900,10.0406,0.5400,-0.0436,-0.0524,2.94,172.13,156.56,-0.2880,1.9108,-9.7310,9.9210
1,3,0,1,1,11.252,11252,-0.3100,1.4100,-9.1500,9.2632,0.5411,-0.1876,0.0273,1.81,169.06,156.94,-0.2909,1.8448,-9.6544,9.8334
1,3,0,1,1,11.354,11354,0.3100,1.5800,-9.3500,9.4876,0.1636,-0.1331,0.0469,1.19,167.13,157.38,-0.2117,1.8099,-9.6143,9.7855
1,3,0,1,1,11.456,11456,-0.6800,2.1600,-8.9800,9.2611,0.1004,0.0436,-0.1396,0.81,166.56,157.63,-0.2734,1.8560,-9.5307,9.7136
1,3,0,1,1,11.561,11561,0.4400,2.2400,-9.9300,10.1890,0.0055,0.0033,-0.0065,1.00,166.50,157.69,-0.1794,1.9066,-9.5833,9.7728
1,3,0,1,1,11.663,11663,0.4900,2.4000,-10.6700,10.9476,0.1418,-0.1058,-0.1080,0.88,166.06,157.88,-0.0912,1.9716,-9.7265,9.9248
1,3,0,1,1,11.765,11765,0.1700,2.5600,-9.8800,10.2077,0.4123,-0.0305,-0.0644,0.63,164.44,158.00,-0.0568,2.0492,-9.7467,9.9600
1,3,0,1,1,11.867,11867,-0.5000,2.4800,-8.2500,8.6292,0.3218,0.2225,0.0022,1.19,162.25,158.06,-0.1152,2.1059,-9.5495,9.7796
1,3,0,1,1,11.969,11969,-0.9200,2.7400,-7.6700,8.1965,-0.0360,0.0753,0.1865,2.44,161.63,158.19,-0.2212,2.1895,-9.3018,9.5586
1,3,0,1,1,12.084,12084,-0.1100,3.2700,-9.1300,9.6986,0.0774,-0.1014,-0.1156,2.06,161.75,158.19,-0.2066,2.3319,-9.2792,9.5699
1,3,0,1,1,12.191,12191,-0.0600,3.0500,-10.2300,10.6752,0.0905,0.1134,-0.1560,2.38,161.13,158.94,-0.1873,2.4265,-9.4045,9.7143
1,3,0,1,1,12.293,12293,-0.8500,3.3400,-8.5200,9.1907,0.1560,-0.0229,-0.1047,2.50,160.69,159.19,-0.2746,2.5469,-9.2879,9.6347
1,3,0,1,1,12.395,12395,-0.5500,3.1700,-8.7400,9.3134,0.2269,0.0753,0.0469,3.38,159.31,159.81,-0.3109,2.6290,-9.2157,9.5884
1,3,0,1,1,12.552,12552,-1.5100,4.2200,-7.5400,8.7716,0.2847,-0.2531,-0.2967,3.06,157.75,161.25,-0.4689,2.8387,-8.9949,9.4438
1,4,0,1,1,12.655,12655,-0.6400,3.3800,-9.2900,9.9065,0.3512,0.2454,0.0742,3.69,155.44,161.19,-0.4914,2.9100,-9.0338,9.5036
1,4,0,1,1,12.757,12757,-0.5300,3.9800,-9.5800,10.3874,-0.0687,0.1145,0.0164,4.44,155.00,160.63,-0.4965,3.0510,-9.1058,9.6161
1,4,0,1,1,12.859,12859,-0.9500,4.2800,-8.6500,9.6976,0.3076,0.0698,0.0305,4.81,154.44,160.50,-0.5563,3.2129,-9.0457,9.6155
1,4,0,1,1,12.961,12961,-1.0000,3.8300,-6.3300,7.4658,0.5367,-0.0818,0.0436,4.63,151.75,159.94,-0.6148,3.2943,-8.6879,9.3118
1,4,0,1,1,13.075,13075,-0.6800,4.7600,-7.9400,9.2824,0.1004,-0.4396,-0.2258,3.63,149.69,160.88,-0.6234,3.4874,-8.5893,9.2912
1,4,0,1,1,13.177,13177,-1.4000,5.1000,-7.1000,8.8532,-0.0960,-0.0513,0.0207,2.69,150.13,161.75,-0.7257,3.6999,-8.3931,9.2010
1,4,0,1,1,13.284,13284,-1.1500,5.0100,-7.7300,9.2831,0.0916,0.3436,0.1625,3.13,150.00,160.81,-0.7816,3.8725,-8.3057,9.1974
1,4,0,1,1,13.386,13386,-0.4700,4.8100,-7.8300,9.2014,0.2880,0.5770,0.2040,5.19,148.31,159.00,-0.7405,3.9961,-8.2430,9.1904
1,4,0,1,1,13.488,13488,-0.3700,4.8300,-7.9600,9.3181,-0.0665,0.4091,-0.0153,6.63,147.56,157.56,-0.6917,4.1060,-8.2057,9.2017
1,4,0,1,1,13.595,13595,-1.2100,5.3300,-8.9000,10.4443,-0.4265,0.1276,-0.4832,7.81,149.44,157.69,-0.7600,4.2673,-8.2972,9.3611
1,4,0,1,1,13.697,13697,-0.9800,5.2300,-7.9500,9.5664,0.0982,-0.0556,-0.0371,8.19,150.38,158.19,-0.7890,4.3941,-8.2514,9.3817
1,4,0,1,1,13.799,13799,-1.3800,4.3400,-7.6200,8.8772,0.1484,-0.2880,-0.0600,7.31,149.69,159.50,-0.8669,4.3870,-8.1682,9.3122
1,4,0,1,1,13.906,13906,-1.4100,4.2500,-8.5300,9.6339,-0.3251,-0.1484,0.0284,6.25,150.63,160.38,-0.9384,4.3689,-8.2159,9.3525
1,4,0,1,1,14.008,14008,-1.1100,4.4200,-9.2700,10.3296,-0.3949,-0.0633,0.0316,5.50,153.00,160.00,-0.9611,4.3757,-8.3548,9.4801
1,4,0,1,1,14.123,14123,-0.7900,4.0200,-9.0900,9.9706,-0.2313,0.0905,0.0829,5.75,154.50,159.19,-0.9385,4.3288,-8.4517,9.5420
1,4,0,1,1,14.225,14225,-0.5000,3.9700,-8.8400,9.7034,-0.2007,-0.0524,0.1505,5.69,155.56,158.13,-0.8807,4.2815,-8.5029,9.5606
1,4,0,1,1,14.328,14328,-1.0200,4.0800,-8.4000,9.3940,-0.0065,-0.0022,0.0916,5.38,156.25,157.75,-0.8991,4.2550,-8.4893,9.5384
1,4,0,1,1,14.430,14430,-1.1200,3.0800,-8.4800,9.0913,0.0087,0.0742,-0.1178,5.31,155.88,157.38,-0.9282,4.1001,-8.4881,9.4721
1,4,0,1,1,14.537,14537,-1.0100,3.8100,-9.1400,9.9537,-0.5367,-0.1014,-0.0360,5.19,157.94,157.31,-0.9390,4.0619,-8.5740,9.5338
1,4,0,1,1,14.643,14643,-1.1100,3.8300,-9.0500,9.8896,-0.0404,-0.0371,0.1069,4.25,159.75,157.06,-0.9615,4.0313,-8.6367,9.5796
1,4,0,1,1,14.748,14748,-1.7500,3.3500,-9.4400,10.1685,0.0491,0.4080,-0.0513,5.44,159.31,156.69,-1.0654,3.9416,-8.7426,9.6490
1,4,0,1,1,14.851,14851,-0.6600,3.2400,-8.6900,9.2978,-0.0087,0.2509,0.2716,6.88,159.19,155.69,-1.0120,3.8491,-8.7356,9.5995
1,4,0,1,1,14.959,14959,-0.8100,2.7200,-9.0000,9.4369,-0.4058,-0.0447,0.3687,6.94,159.94,154.19,-0.9854,3.7003,-8.7705,9.5700
1,4,0,1,1,15.061,15061,-1.1100,3.8400,-9.3800,10.1962,-0.2291,-0.0065,0.1516,6.31,162.75,152.94,-1.0018,3.7187,-8.8508,9.6524
1,4,0,1,1,15.176,15176,-0.3000,2.3500,-9.4100,9.7036,0.2214,-0.0153,0.1320,6.25,161.69,152.31,-0.9093,3.5384,-8.9245,9.6433
1,4,0,1,1,15.278,15278,-0.1400,2.7300,-9.2100,9.6071,-0.2967,-0.3523,0.1811,5.19,162.06,152.31,-0.8079,3.4318,-8.9621,9.6307
1,4,0,1,1,15.381,15381,-1.5800,2.6300,-9.2700,9.7645,-0.2694,-0.2007,-0.0556,2.81,163.75,152.44,-0.9097,3.3262,-9.0027,9.6405
1,4,0,1,1,15.483,15483,-1.5500,2.5300,-10.3500,10.7669,-0.3731,0.0709,-0.1156,2.63,165.19,152.88,-0.9941,3.2213,-9.1802,9.7796
1,4,0,1,1,15.590,15590,-0.1100,3.0200,-9.3200,9.7977,0.1702,0.0262,0.0807,3.00,166.00,152.19,-0.8776,3.1947,-9.1986,9.7771
1,4,0,1,1,15.699,15699,0.5400,1.2800,-9.3600,9.4625,0.0698,-0.4091,0.2553,1.69,164.13,151.69,-0.6908,2.9424,-9.2199,9.7027
1,4,0,1,1,15.802,15802,-0.3700,2.1600,-9.8700,10.1104,-0.5596,-0.1156,-0.0044,-0.13,166.44,151.69,-0.6485,2.8393,-9.3056,9.7507
1,4,0,1,1,15.904,15904,0.1100,3.0500,-11.7600,12.1496,-0.7330,-0.2662,0.0884,-1.31,170.38,150.88,-0.5485,2.8671,-9.6290,10.0617
1,4,0,1,1,16.012,16012,-0.3500,3.3600,-9.9500,10.5078,0.7014,0.1974,-0.0993,-1.69,170.63,150.63,-0.5224,2.9320,-9.6713,10.1195
1,5,0,1,1,16.114,16114,-0.3800,1.0300,-8.6700,8.7392,0.9108,0.1887,-0.0687,-0.06,164.25,150.69,-0.5036,2.6814,-9.5394,9.9218
1,5,0,1,1,16.229,16229,0.1200,1.9300,-9.0000,9.2054,-0.2640,0.2062,-0.0905,1.06,162.81,150.94,-0.4214,2.5824,-9.4683,9.8232
1,5,0,1,1,16.331,16331,0.4400,3.1300,-9.5200,10.0310,-0.2083,-0.1713,-0.0164,1.25,164.56,151.06,-0.3079,2.6545,-9.4751,9.8447
1,5,0,1,1,16.434,16434,-0.2900,2.6600,-9.3900,9.7638,0.2138,-0.4287,-0.3414,-0.56,163.88,152.44,-0.3056,2.6553,-9.4639,9.8341
1,5,0,1,1,16.536,16536,-0.3400,2.5300,-9.3900,9.7308,0.1069,-0.1167,-0.3142,-1.56,162.88,154.25,-0.3101,2.6388,-9.4541,9.8204
1,5,0,1,1,16.643,16643,-0.0600,3.1600,-9.6900,10.1924,0.0447,0.1254,-0.1571,-1.38,162.75,155.63,-0.2771,2.7074,-9.4852,9.8680
1,5,0,1,1,16.748,16748,0.8700,2.8900,-10.8200,11.2330,0.2782,0.0840,-0.2869,-0.13,161.25,156.38,-0.1260,2.7315,-9.6611,10.0406
1,5,0,1,1,16.854,16854,-0.1400,3.7100,-9.2700,9.9858,0.5858,-0.0971,-0.0415,-0.31,159.06,157.31,-0.1278,2.8604,-9.6096,10.0271
1,5,0,1,1,16.956,16956,-0.3500,2.6300,-8.3600,8.7709,0.2967,0.0611,-0.0098,0.38,155.56,157.69,-0.1571,2.8301,-9.4449,9.8611
1,5,0,1,1,17.058,17058,0.0800,3.8100,-8.1300,8.9788,-0.2923,-0.0229,0.1353,0.75,155.88,157.31,-0.1259,2.9592,-9.2716,9.7332
1,5,0,1,1,17.165,17165,-0.9900,4.6000,-8.7200,9.9085,-0.0011,-0.1582,-0.0185,0.31,156.75,157.38,-0.2397,3.1754,-9.1989,9.7345
1,5,0,1,1,17.280,17280,1.5200,2.9600,-10.7600,11.2628,0.3272,0.1102,-0.0753,0.56,154.81,157.25,-0.0078,3.1470,-9.4047,9.9172
1,5,0,1,1,17.382,17382,-0.3300,4.0000,-9.1500,9.9916,0.3338,-0.0807,-0.1953,-0.13,153.38,157.25,-0.0503,3.2594,-9.3711,9.9219
1,5,0,1,1,17.486,17486,0.1100,3.9100,-10.1200,10.8496,0.0687,-0.1931,-0.0993,0.13,151.75,157.44,-0.0292,3.3452,-9.4698,10.0433
1,5,0,1,1,17.588,17588,-0.2700,5.0800,-7.1600,8.7832,0.3436,0.1614,0.2313,0.81,151.13,157.13,-0.0609,3.5738,-9.1654,9.8377
1,5,0,1,1,17.690,17690,0.5500,5.2400,-7.1800,8.9058,0.4080,-0.5661,0.0011,-0.25,148.88,157.13,0.0196,3.7933,-8.9038,9.6782
1,5,0,1,1,17.797,17797,-0.8800,5.2500,-7.6100,9.2870,0.6076,-0.1724,-0.1865,-0.81,145.19,159.69,-0.0989,3.9853,-8.7333,9.6001
1,5,0,1,1,17.899,17899,0.1000,5.5000,-9.1100,10.6420,0.2411,0.3523,-0.1036,0.00,143.19,159.81,-0.0727,4.1849,-8.7829,9.7293
1,5,0,1,1,18.002,18002,-0.5300,6.0000,-6.1800,8.6298,0.5487,0.0644,-0.0698,0.06,141.56,159.44,-0.1330,4.4241,-8.4399,9.5301
1,5,0,1,1,18.108,18108,0.4600,6.1900,-7.5800,9.7971,0.3294,-0.3447,-0.0622,0.75,138.56,161.31,-0.0548,4.6568,-8.3266,9.5405
1,5,0,1,1,18.210,18210,-1.2200,7.0600,-5.6000,9.0935,-0.1014,0.0131,-0.5007,0.44,138.31,162.69,-0.2084,4.9735,-7.9673,9.3945
1,5,0,1,1,18.325,18325,-0.9000,6.4600,-6.4200,9.1519,0.1396,0.4363,0.1091,1.31,137.44,161.38,-0.2995,5.1693,-7.7634,9.3318
1,5,0,1,1,18.427,18427,-0.2600,6.5900,-5.8700,8.8291,-0.0600,0.3392,0.2771,1.75,137.44,158.88,-0.2943,5.3566,-7.5139,9.2325
1,5,0,1,1,18.530,18530,-0.3700,6.4200,-7.4700,9.8567,0.1625,-0.1549,-0.1745,2.00,136.69,158.06,-0.3043,5.4967,-7.5081,9.3101
1,5,0,1,1,18.632,18632,0.3400,6.1400,-7.1000,9.3928,-0.2171,-0.2967,0.0087,1.38,136.81,159.06,-0.2194,5.5815,-7.4544,9.3149
1,5,0,1,1,18.734,18734,-0.1400,5.7000,-6.1600,8.3938,-0.3927,-0.0731,-0.0611,1.13,138.56,160.19,-0.2089,5.5971,-7.2838,9.1883
1,5,0,1,1,18.840,18840,-0.3500,6.1300,-8.1800,10.2280,-0.8312,-0.2171,-0.0687,0.63,142.63,160.94,-0.2275,5.6673,-7.4019,9.3251
1,5,0,1,1,18.942,18942,-0.3100,6.3500,-8.6500,10.7350,-0.3272,-0.3349,-0.1473,-0.94,146.19,162.00,-0.2384,5.7573,-7.5664,9.5107
1,5,0,1,1,19.046,19046,-0.4800,5.1600,-8.5300,9.9808,0.0676,0.0425,-0.1942,-1.31,146.50,163.13,-0.2702,5.6786,-7.6933,9.5659
1,5,0,1,1,19.151,19151,0.1900,4.6200,-7.8500,9.1106,-0.2400,0.0109,0.3905,-0.69,146.81,162.50,-0.2096,5.5391,-7.7140,9.4990
1,5,0,1,1,19.253,19253,0.6000,5.0100,-8.1800,9.6111,-0.3840,-0.0622,0.1265,-0.56,148.81,162.31,-0.1029,5.4694,-7.7754,9.5069
1,5,0,1,1,19.371,19371,-1.6700,4.6800,-8.1400,9.5368,-0.2127,0.5214,-0.0229,0.63,150.69,162.06,-0.3094,5.3653,-7.8234,9.4915
1,5,0,1,1,19.473,19473,0.3800,4.3400,-8.3400,9.4093,-0.2607,0.5378,0.1844,2.88,151.81,159.63,-0.2186,5.2302,-7.8915,9.4699
1,5,0,1,1,19.576,19576,-0.1300,4.4900,-9.6300,10.6261,-0.4145,-0.0229,-0.0033,3.81,153.88,158.94,-0.2069,5.1327,-8.1206,9.6089
1,5,0,1,1,19.678,19678,-0.2700,4.4500,-8.9900,10.0347,-0.0807,-0.2389,0.1865,2.38,155.50,158.56,-0.2152,5.0427,-8.2352,9.6588
1,5,0,1,1,19.832,19832,-0.2700,3.6300,-8.4000,9.1548,0.1080,0.2105,0.1385,3.06,153.94,157.50,-0.2224,4.8566,-8.2569,9.5818
1,5,0,1,1,19.935,19935,0.3100,3.8400,-8.2800,9.1324,-0.2989,-0.1505,-0.0447,2.81,154.94,156.88,-0.1523,4.7226,-8.2599,9.5159
1,5,0,1,1,20.037,20037,-0.8100,4.0700,-9.3600,10.2387,-0.3600,-0.2520,0.0393,1.75,157.31,157.75,-0.2389,4.6366,-8.4049,9.6019
1,5,0,1,1,20.139,20139,-0.4000,4.4800,-8.5100,9.6255,0.0098,0.2978,0.1342,2.25,158.75,158.06,-0.2602,4.6160,-8.4187,9.6047
1,5,0,1,1,20.241,20241,-0.4000,3.1600,-8.1000,8.7038,0.5869,-0.0087,0.1004,3.13,156.38,157.69,-0.2786,4.4241,-8.3767,9.4773
1,5,0,1,1,20.356,20356,-0.2000,3.3500,-8.6200,9.2502,-0.4909,-0.1582,0.0131,2.38,156.38,157.50,-0.2682,4.2826,-8.4088,9.4403
1,5,0,1,1,20.460,20460,-0.7800,4.2000,-9.4900,10.4071,-0.3425,-0.0949,0.0447,1.75,159.19,158.13,-0.3357,4.2717,-8.5513,9.5647
1,5,0,1,1,20.564,20564,-0.2700,3.5700,-9.4400,10.0961,0.1287,0.0196,0.0633,1.44,159.06,157.63,-0.3270,4.1792,-8.6684,9.6288
1,5,0,1,1,20.667,20667,-0.3000,2.9700,-9.0300,9.5106,0.0644,0.0513,0.0545,1.63,158.63,157.44,-0.3235,4.0199,-8.7160,9.6038
1,5,0,1,1,20.774,20774,-0.1200,2.9500,-9.2100,9.6717,-0.2182,-0.0774,0.1200,1.50,159.44,157.25,-0.2966,3.8789,-8.7811,9.6043
1,5,0,1,1,20.879,20879,0.4800,3.7100,-9.4400,10.1542,-0.2913,-0.1898,0.1931,0.63,161.69,156.50,-0.1943,3.8566,-8.8679,9.6722
1,5,0,1,1,20.981,20981,-0.0800,3.4600,-10.4100,10.9702,-0.0993,-0.0982,0.1854,-0.31,162.44,156.19,-0.1792,3.8044,-9.0712,9.8383
1,5,0,1,1,21.083,21083,0.4500,3.7400,-9.7600,10.4617,0.1244,0.0676,0.1538,-0.31,162.50,155.81,-0.0963,3.7959,-9.1619,9.9176
1,6,0,1,1,21.185,21185,0.0500,2.5500,-9.6200,9.9524,0.2105,-0.0153,0.1200,-0.13,161.06,155.56,-0.0770,3.6317,-9.2223,9.9119
1,6,0,1,1,21.288,21288,0.2900,3.4800,-9.3200,9.9527,-0.4025,-0.1473,-0.1560,-1.00,162.63,154.06,-0.0287,3.6117,-9.2352,9.9163
1,6,0,1,1,21.406,21406,-0.4000,3.6300,-8.7600,9.4908,0.3840,-0.0676,-0.2323,-1.50,162.38,154.88,-0.0776,3.6141,-9.1725,9.8592
1,6,0,1,1,21.509,21509,0.0500,3.0400,-9.5300,10.0032,0.3632,-0.0207,-0.1069,-1.50,159.69,155.13,-0.0608,3.5385,-9.2197,9.8755
1,6,0,1,1,21.617,21617,0.0200,3.3700,-8.9100,9.5260,0.3872,0.0393,-0.1058,-1.06,157.69,155.88,-0.0501,3.5163,-9.1788,9.8294
1,6,0,1,1,21.719,21719,-0.1900,3.4100,-8.9900,9.6169,-0.0796,0.1036,-0.1451,-0.38,156.50,156.44,-0.0686,3.5023,-9.1540,9.8013
1,6,0,1,1,21.877,21877,0.3600,4.1700,-9.0700,9.9892,0.0884,0.0676,-0.2705,1.31,157.50,157.88,-0.0121,3.5903,-9.1429,9.8226
1,6,0,1,1,21.980,21980,1.6600,2.7300,-9.8100,10.3172,0.3065,-0.0818,-0.0535,2.44,155.69,158.81,0.2082,3.4769,-9.2308,9.8661
1,6,0,1,1,22.082,22082,-1.1400,3.6700,-7.8700,8.7582,-0.0185,-0.2345,-0.0480,0.75,155.31,159.31,0.0306,3.5023,-9.0515,9.7055
1,6,0,1,1,22.184,22184,-0.8900,4.1300,-8.5600,9.5458,-0.0382,0.2127,0.1865,1.50,155.44,158.94,-0.0907,3.5851,-8.9867,9.6758
1,6,0,1,1,22.286,22286,-0.3700,4.6500,-8.0200,9.2779,0.0469,0.0785,0.2934,1.63,155.81,157.63,-0.1275,3.7254,-8.8593,9.6116
1,6,0,1,1,22.400,22400,0.5000,3.6800,-8.7300,9.4871,0.2574,0.0153,0.0000,2.13,153.88,156.63,-0.0448,3.7194,-8.8423,9.5928
1,6,0,1,1,22.502,22502,-1.1100,4.5400,-9.7300,10.7943,0.0622,-0.1429,0.0611,2.38,153.06,157.06,-0.1852,3.8275,-8.9593,9.7444
1,6,0,1,1,22.609,22609,-0.7100,4.7600,-8.2300,9.5339,0.4407,-0.1124,0.1374,2.81,151.38,157.13,-0.2544,3.9504,-8.8632,9.7070
1,6,0,1,1,22.711,22711,-0.8600,4.8400,-6.8500,8.4314,0.2978,0.0633,0.1058,2.50,149.06,157.44,-0.3342,4.0676,-8.5979,9.5174
1,6,0,1,1,22.817,22817,-0.5500,5.3300,-6.4900,8.4161,0.2400,0.1342,0.0829,3.38,147.75,157.50,-0.3626,4.2340,-8.3201,9.3425
1,6,0,1,1,22.923,22923,0.4300,4.3100,-10.0900,10.9804,0.0600,-0.0284,0.0709,4.19,145.81,156.88,-0.2582,4.2440,-8.5533,9.5519
1,6,0,1,1,23.031,23031,-1.0000,5.8700,-7.5900,9.6470,-0.3480,-0.3665,-0.1254,1.94,147.75,157.00,-0.3559,4.4583,-8.4264,9.5398
1,6,0,1,1,23.133,23133,-0.8800,5.8400,-8.3500,10.2275,0.3272,-0.1167,-0.1353,1.75,147.63,158.75,-0.4250,4.6403,-8.4163,9.6202
1,6,0,1,1,23.235,23235,-0.7300,5.2500,-7.1200,8.8764,0.3011,0.2858,0.0098,2.44,145.56,159.13,-0.4652,4.7207,-8.2455,9.5126
1,6,0,1,1,23.337,23337,-0.2900,5.2400,-6.7000,8.5107,-0.1189,0.0207,-0.0796,3.19,145.25,158.75,-0.4421,4.7891,-8.0418,9.3703
1,6,0,1,1,23.452,23452,-0.8400,5.7600,-7.6600,9.6207,-0.1145,-0.0207,0.0153,3.06,146.13,158.75,-0.4945,4.9171,-7.9915,9.3961
1,6,0,1,1,23.555,23555,-0.8900,5.7200,-8.7300,10.4749,-0.0785,0.1484,0.2465,2.38,146.50,157.44,-0.5466,5.0229,-8.0888,9.5372
1,6,0,1,1,23.662,23662,-0.5200,5.3800,-7.1700,8.9791,0.0665,0.4887,0.0840,3.50,146.56,156.31,-0.5431,5.0699,-7.9678,9.4596
1,6,0,1,1,23.764,23764,0.1400,5.2100,-8.9900,10.3915,-0.1953,-0.2051,0.0720,3.25,146.88,154.56,-0.4531,5.0884,-8.1025,9.5785
1,6,0,1,1,23.923,23923,-0.6300,5.0400,-8.3300,9.7564,-0.0382,-0.3207,-0.1876,0.75,148.50,156.00,-0.4764,5.0820,-8.1325,9.6016
1,6,0,1,1,24.025,24025,-0.3400,4.1900,-9.0100,9.9424,0.0229,0.3436,-0.0654,1.56,148.13,156.63,-0.4584,4.9645,-8.2481,9.6378
1,6,0,1,1,24.127,24127,0.4700,4.9700,-8.4300,9.7973,-0.3523,-0.0218,-0.0371,2.38,149.38,156.38,-0.3361,4.9652,-8.2721,9.6537
1,6,0,1,1,24.234,24234,0.0300,4.4600,-8.5900,9.6789,0.0382,-0.3022,0.0796,1.31,149.88,156.63,-0.2879,4.8986,-8.3140,9.6541
1,6,0,1,1,24.336,24336,-0.9800,4.5500,-8.1300,9.3680,-0.5531,-0.1331,0.0055,-0.19,151.63,157.00,-0.3791,4.8527,-8.2897,9.6131
1,6,0,1,1,24.450,24450,0.2100,4.0500,-9.6900,10.5044,-0.3414,0.3327,-0.0491,0.44,154.56,156.75,-0.3014,4.7469,-8.4742,9.7179
1,6,0,1,1,24.552,24552,-0.5900,4.7200,-8.7200,9.9330,-0.2607,0.0055,-0.1854,1.38,156.56,157.13,-0.3395,4.7434,-8.5066,9.7456
1,6,0,1,1,24.655,24655,-0.5100,3.1700,-9.4000,9.9332,0.0295,0.1058,-0.0076,1.50,156.56,157.06,-0.3619,4.5360,-8.6243,9.7512
1,6,0,1,1,24.757,24757,-0.6300,3.4400,-8.7300,9.4044,-0.3502,0.1822,0.0120,1.94,157.75,156.06,-0.3973,4.3916,-8.6383,9.6986
1,6,0,1,1,24.859,24859,-0.3000,3.3300,-8.9400,9.5448,-0.3851,0.0873,0.0753,2.38,159.69,155.31,-0.3844,4.2517,-8.6780,9.6712
1,6,0,1,1,24.966,24966,-0.2800,2.7800,-9.7800,10.1713,-0.3960,0.1407,0.0196,2.69,161.75,154.88,-0.3707,4.0578,-8.8232,9.7187
1,6,0,1,1,25.069,25069,-0.4200,3.1200,-10.4500,10.9139,-0.3491,-0.1091,-0.0556,2.38,164.19,155.19,-0.3772,3.9342,-9.0376,9.8640
1,7,0,1,1,25.171,25171,-0.6400,2.9200,-9.2200,9.6925,0.2225,0.0044,-0.0491,1.88,164.44,155.44,-0.4118,3.8006,-9.0616,9.8350
1,7,0,1,1,25.277,25277,0.0800,2.1700,-9.0300,9.2874,0.2803,0.0665,0.0545,2.38,162.38,155.56,-0.3470,3.5857,-9.0575,9.7476
1,7,0,1,1,25.379,25379,-0.3000,3.4400,-8.9200,9.5650,0.0338,-0.0513,0.4396,1.69,162.00,154.38,-0.3408,3.5665,-9.0394,9.7235
1,7,0,1,1,25.493,25493,-1.0900,2.4100,-8.3400,8.7494,0.0316,0.4941,0.0633,3.00,161.25,153.31,-0.4395,3.4141,-8.9472,9.5865
1,7,0,1,1,25.595,25595,-0.0800,2.8800,-8.9800,9.4309,-0.4963,0.2705,0.1538,5.19,162.69,152.00,-0.3922,3.3437,-8.9515,9.5637
1,7,0,1,1,25.697,25697,0.0800,3.1600,-10.1900,10.6690,-0.2182,-0.4909,0.1058,3.88,164.94,151.13,-0.3299,3.3195,-9.1147,9.7060
1,7,0,1,1,25.799,25799,-0.4300,2.9800,-9.5900,10.0515,0.1014,-0.2443,-0.0458,1.50,165.38,151.13,-0.3431,3.2748,-9.1774,9.7502
1,7,0,1,1,25.901,25901,0.0700,1.9600,-9.3800,9.5828,0.2269,-0.0665,-0.0065,0.94,163.81,151.50,-0.2887,3.1015,-9.2041,9.7169
1,7,0,1,1,26.006,26006,-0.1700,3.2800,-9.2000,9.7687,0.0240,-0.0185,-0.0720,0.88,163.56,152.38,-0.2730,3.1250,-9.2035,9.7234
1,7,0,1,1,26.108,26108,-0.0700,2.5500,-9.7200,10.0492,0.2891,-0.1593,-0.2182,1.00,162.25,153.31,-0.2463,3.0493,-9.2716,9.7632
1,7,0,1,1,26.210,26210,0.2600,3.5400,-9.5300,10.1696,-0.2771,-0.2302,0.0665,-0.19,162.75,153.25,-0.1796,3.1139,-9.3056,9.8145
1,7,0,1,1,26.313,26313,-0.4200,2.5600,-8.6000,8.9828,0.2454,-0.0513,-0.0589,-1.06,162.50,153.31,-0.2113,3.0409,-9.2126,9.7039
1,7,0,1,1,26.420,26420,0.3500,2.6300,-10.2400,10.5781,-0.5749,0.0524,-0.0415,-0.44,163.19,153.38,-0.1373,2.9868,-9.3480,9.8145
1,7,0,1,1,26.534,26534,0.4000,4.2800,-10.9000,11.7170,-0.0774,-0.4472,0.1385,-2.13,166.69,153.06,-0.0665,3.1572,-9.5525,10.0610
1,7,0,1,1,26.641,26641,0.0800,2.8200,-10.5100,10.8820,0.4091,-0.0480,-0.2727,-3.56,165.00,153.44,-0.0472,3.1128,-9.6787,10.1670
1,7,0,1,1,26.743,26743,0.4700,3.0400,-8.7300,9.2561,0.7079,0.1254,-0.1462,-2.81,161.56,154.38,0.0210,3.1032,-9.5537,10.0451
1,7,0,1,1,26.845,26845,0.9100,2.4600,-8.2800,8.6855,0.5323,0.1069,-0.2214,-1.69,157.63,154.88,0.1381,3.0184,-9.3859,9.8602
1,7,0,1,1,26.947,26947,0.8200,3.3200,-8.0700,8.7647,-0.0109,-0.1374,-0.0142,-1.25,156.56,155.56,0.2280,3.0582,-9.2125,9.7095
1,7,0,1,1,27.052,27052,-0.1400,3.7800,-7.8200,8.6868,0.1080,0.1058,-0.1538,-1.25,156.50,156.63,0.1795,3.1533,-9.0290,9.5654
1,7,0,1,1,27.155,27155,0.6100,3.7800,-9.1800,9.9465,-0.2596,0.1287,-0.0960,0.19,156.88,157.25,0.2362,3.2359,-9.0489,9.6129
1,7,0,1,1,27.257,27257,-0.1700,3.8200,-9.6300,10.3614,-0.1734,-0.2127,-0.3643,0.06,158.31,158.50,0.1827,3.3128,-9.1254,9.7099
1,7,0,1,1,27.359,27359,-0.5500,3.4500,-9.1000,9.7476,0.1167,-0.1124,-0.1440,-0.25,158.31,159.69,0.0861,3.3309,-9.1221,9.7116
1,7,0,1,1,27.461,27461,-0.3800,3.6600,-9.2100,9.9179,-0.0807,0.0142,-0.0567,-0.06,158.06,160.31,0.0247,3.3743,-9.1337,9.7371
1,7,0,1,1,27.576,27576,-0.3000,3.8600,-9.0600,9.8526,0.0884,0.1200,-0.1080,1.06,158.00,160.81,-0.0181,3.4383,-9.1240,9.7503
1,7,0,1,1,27.678,27678,-0.3000,3.6500,-8.5900,9.3381,0.2291,-0.0916,-0.0425,1.25,157.06,161.00,-0.0552,3.4662,-9.0536,9.6946
1,7,0,1,1,27.784,27784,-0.3300,3.3300,-8.8900,9.4989,-0.0218,0.0065,-0.0807,1.38,156.50,161.63,-0.0914,3.4482,-9.0320,9.6683
1,7,0,1,1,27.887,27887,-0.6500,3.7300,-8.5600,9.3600,-0.4669,0.1036,-0.0022,1.63,158.25,162.19,-0.1650,3.4854,-8.9698,9.6246
1,7,0,1,1,28.045,28045,0.0200,4.3700,-9.7900,10.7211,0.2869,0.0665,0.1080,2.13,159.56,161.38,-0.1407,3.6019,-9.0779,9.7674
1,7,0,1,1,28.148,28148,-0.1700,3.1000,-9.2800,9.7856,0.5803,-0.0687,-0.1276,2.00,156.19,161.75,-0.1445,3.5358,-9.1045,9.7681
1,7,0,1,1,28.250,28250,-0.5500,3.4100,-8.7300,9.3885,0.0993,-0.1647,-0.0076,1.44,154.50,162.25,-0.1980,3.5192,-9.0552,9.7170
1,7,0,1,1,28.352,28352,-0.7000,4.3600,-8.5200,9.5964,-0.1549,0.0502,0.0415,1.13,155.00,162.19,-0.2641,3.6300,-8.9847,9.6939
1,7,0,1,1,28.454,28454,-0.5400,4.9000,-8.8100,10.0954,0.1822,0.2105,0.0665,1.75,154.88,161.56,-0.3005,3.7974,-8.9617,9.7376
1,7,0,1,1,28.568,28568,-0.6400,4.3700,-7.9000,9.0508,0.6589,0.2531,0.1854,3.19,151.50,160.63,-0.3452,3.8728,-8.8218,9.6406
1,7,0,1,1,28.670,28670,0.1200,4.4200,-8.1700,9.2898,0.2171,-0.2083,0.5683,3.69,148.56,159.88,-0.2839,3.9449,-8.7359,9.5895
1,7,0,1,1,28.777,28777,-0.4400,5.1700,-8.1500,9.6615,0.1102,-0.0774,0.1625,3.06,148.38,160.06,-0.3045,4.1064,-8.6587,9.5879
1,7,0,1,1,28.879,28879,-0.4500,5.0400,-7.0500,8.6779,0.2433,-0.0589,-0.0545,2.56,147.00,159.81,-0.3237,4.2294,-8.4467,9.4519
1,7,0,1,1,28.981,28981,-1.5900,5.3300,-7.0300,8.9643,-0.0927,0.1418,-0.2618,3.00,146.75,160.31,-0.4905,4.3744,-8.2600,9.3597
1,7,0,1,1,29.088,29088,-0.6800,5.1000,-7.4700,9.0705,-0.0611,0.3196,-0.0884,4.31,147.13,159.69,-0.5155,4.4700,-8.1559,9.3148
1,8,0,1,1,29.191,29191,-0.6000,4.7200,-8.2000,9.4804,-0.4003,0.1124,0.0044,5.13,148.44,159.25,-0.5266,4.5030,-8.1617,9.3364
1,8,0,1,1,29.298,29298,-1.3000,4.9100,-8.4100,9.8248,-0.5465,0.0251,-0.0720,4.50,151.19,158.69,-0.6285,4.5566,-8.1944,9.3971
1,8,0,1,1,29.401,29401,-0.6700,4.6100,-9.5600,10.6346,-0.2443,0.1189,-0.0044,5.69,153.31,158.75,-0.6340,4.5636,-8.3744,9.5582
1,8,0,1,1,29.503,29503,-0.6100,3.9900,-9.9700,10.7561,-0.2629,-0.2574,-0.0524,5.19,154.75,158.88,-0.6308,4.4881,-8.5846,9.7076
1,8,0,1,1,29.618,29618,-0.7200,3.7400,-8.9800,9.7543,-0.0284,-0.3643,-0.0764,3.50,155.69,159.44,-0.6426,4.3895,-8.6367,9.7095
1,8,0,1,1,29.720,29720,-0.9900,3.7000,-8.6500,9.4601,-0.0567,0.1549,-0.2040,3.06,155.56,160.38,-0.6884,4.2986,-8.6385,9.6734
1,8,0,1,1,29.822,29822,-0.7300,3.9600,-9.5100,10.3274,-0.4025,0.1702,0.0011,4.50,157.19,160.19,-0.6939,4.2540,-8.7533,9.7570
1,8,0,1,1,29.926,29926,-0.9100,3.7800,-9.5400,10.3018,-0.0371,-0.0600,0.2716,4.38,158.50,159.31,-0.7223,4.1915,-8.8570,9.8253
1,8,0,1,1,30.031,30031,-1.0800,2.8700,-8.5800,9.1115,-0.0993,-0.0305,-0.1058,3.63,158.31,158.75,-0.7695,4.0174,-8.8205,9.7228
1,8,0,1,1,30.138,30138,-0.4300,3.5100,-8.8400,9.5211,-0.3862,-0.1527,0.0316,2.94,160.06,158.94,-0.7247,3.9505,-8.8231,9.6942
1,8,0,1,1,30.242,30242,-0.2700,3.2700,-9.4900,10.0412,-0.0894,-0.0196,-0.0447,2.56,161.44,159.00,-0.6648,3.8609,-8.9109,9.7341
1,8,0,1,1,30.344,30344,-0.6900,3.1000,-8.7500,9.3085,-0.0938,0.0785,0.0142,2.63,161.94,158.88,-0.6681,3.7606,-8.8897,9.6755
1,8,0,1,1,30.452,30452,0.3100,2.8800,-9.2900,9.7311,-0.3436,-0.2782,0.3262,2.69,163.13,158.69,-0.5392,3.6446,-8.9425,9.6717
1,8,0,1,1,30.554,30554,-0.7700,3.0900,-8.6300,9.1988,0.0742,-0.2563,-0.1734,0.25,164.44,159.00,-0.5696,3.5715,-8.9013,9.6080
1,8,0,1,1,30.669,30669,-0.6800,1.8800,-9.0800,9.2975,-0.0218,0.2083,0.0011,0.25,163.56,159.25,-0.5842,3.3486,-8.9249,9.5503
1,8,0,1,1,30.771,30771,0.4400,2.6500,-10.4900,10.8285,-0.3087,0.0938,0.0207,1.50,164.88,159.00,-0.4492,3.2565,-9.1311,9.7048
1,8,0,1,1,30.874,30874,-0.5200,2.5900,-9.4500,9.8123,0.1374,-0.2596,-0.0513,0.38,165.44,159.38,-0.4586,3.1687,-9.1731,9.7158
1,8,0,1,1,30.976,30976,-0.7500,2.4200,-9.0800,9.4268,-0.1374,0.0142,0.1778,-0.31,165.31,159.63,-0.4970,3.0700,-9.1609,9.6744
1,8,0,1,1,31.083,31083,-0.2900,3.1700,-9.1400,9.6785,0.0011,0.2116,-0.0425,0.00,166.13,159.31,-0.4697,3.0832,-9.1581,9.6746
1,8,0,1,1,31.188,31188,0.3400,1.7200,-9.3900,9.5523,0.3262,0.2007,-0.0273,1.31,164.50,159.44,-0.3630,2.9036,-9.1887,9.6433
1,8,0,1,1,31.294,31294,0.1100,2.6700,-10.1100,10.4572,-0.2422,-0.2105,0.1145,1.06,164.50,159.06,-0.3007,2.8728,-9.3101,9.7479
1,8,0,1,1,31.397,31397,-0.6200,3.1500,-8.6300,9.2078,0.4745,0.0796,0.0371,0.63,163.88,158.88,-0.3427,2.9093,-9.2205,9.6746
1,8,0,1,1,31.505,31505,-0.0300,2.7600,-8.4200,8.8609,0.1287,0.0120,0.2160,1.00,161.75,158.25,-0.3015,2.8896,-9.1150,9.5668
1,8,0,1,1,31.607,31607,-0.3000,1.8200,-8.3000,8.5025,0.0644,0.1669,-0.0644,1.38,161.06,157.88,-0.3013,2.7487,-9.0076,9.4225
1,8,0,1,1,31.722,31722,-0.1300,3.1100,-10.3400,10.7984,-0.8639,-0.3938,0.1505,0.31,164.25,157.56,-0.2788,2.7963,-9.1832,9.6035
1,8,0,1,1,31.824,31824,-0.2200,3.9000,-10.0900,10.8197,-0.0360,-0.1876,0.1080,-1.69,166.94,156.88,-0.2710,2.9417,-9.3027,9.7605
1,8,0,1,1,31.927,31927,-0.1800,1.3500,-9.1100,9.2112,0.5214,0.2553,-0.0949,-0.94,164.06,157.00,-0.2590,2.7320,-9.2773,9.6746
1,8,0,1,1,32.029,32029,0.6300,2.1700,-9.5600,9.8234,-0.4963,-0.0469,0.1124,-0.31,164.44,156.81,-0.1419,2.6579,-9.3145,9.6874
1,8,0,1,1,32.136,32136,0.0200,3.3200,-10.8300,11.3275,-0.3414,-0.3687,0.0273,-1.75,167.19,156.88,-0.1205,2.7452,-9.5142,9.9031
1,8,0,1,1,32.245,32245,0.5700,3.3900,-9.7200,10.3100,0.2847,0.0404,0.3894,-3.06,167.56,156.06,-0.0295,2.8302,-9.5413,9.9523
1,9,0,1,1,32.348,32348,0.0000,1.3500,-9.1300,9.2293,0.6425,0.2662,-0.2051,-1.94,163.38,156.31,-0.0256,2.6351,-9.4871,9.8463
1,9,0,1,1,32.450,32450,0.2000,3.3400,-9.0900,9.6863,-0.1680,0.1047,0.0251,-0.81,163.31,156.63,0.0041,2.7280,-9.4348,9.8213
1,9,0,1,1,32.558,32558,-0.3800,3.0700,-10.3300,10.7832,0.6970,0.2705,-0.1200,0.06,161.44,156.56,-0.0465,2.7731,-9.5528,9.9472
1,9,0,1,1,32.660,32660,0.1400,3.1200,-8.7300,9.2718,0.4614,-0.2542,-0.1091,-0.56,158.00,155.44,-0.0219,2.8188,-9.4444,9.8561
1,9,0,1,1,32.775,32775,-1.1900,3.2800,-8.5400,9.2253,-0.0044,0.0578,-0.2596,-0.81,156.56,156.13,-0.1759,2.8796,-9.3252,9.7612
1,9,0,1,1,32.877,32877,-0.8400,3.9200,-8.5000,9.3980,-0.0884,0.2858,-0.1004,0.13,157.25,156.50,-0.2634,3.0167,-9.2164,9.7012
1,9,0,1,1,32.979,32979,-0.2600,3.9800,-8.6300,9.5071,-0.0774,0.0087,0.0829,0.44,157.94,156.38,-0.2629,3.1436,-9.1392,9.6683
1,9,0,1,1,33.082,33082,1.1700,4.4700,-9.4500,10.5191,0.2040,-0.2193,0.0982,0.06,157.63,156.38,-0.0741,3.3184,-9.1801,9.7618
1,9,0,1,1,33.189,33189,-1.0000,4.7400,-7.6800,9.0802,0.7385,-0.2389,-0.2269,-1.69,155.00,158.00,-0.1961,3.5057,-8.9824,9.6443
1,9,0,1,1,33.294,33294,0.5900,2.7900,-9.0600,9.4982,0.0316,0.0164,0.0295,-1.56,151.88,158.94,-0.0925,3.4114,-8.9927,9.6184
1,9,0,1,1,33.400,33400,-0.3300,4.4500,-8.2100,9.3443,-0.0098,0.3818,-0.0993,-0.38,152.81,159.50,-0.1238,3.5483,-8.8895,9.5723
1,9,0,1,1,33.502,33502,0.5000,4.9200,-9.1800,10.4273,-0.5651,-0.2411,-0.1593,0.75,154.44,160.13,-0.0416,3.7290,-8.9278,9.6754
1,9,0,1,1,33.604,33604,-0.8600,4.8800,-7.7400,9.1903,0.4669,-0.1876,-0.2683,-0.31,154.38,161.75,-0.1495,3.8807,-8.7713,9.5926
1,9,0,1,1,33.711,33711,-1.0200,3.6600,-8.4700,9.2832,-0.2553,0.4483,0.0000,0.25,152.81,162.06,-0.2642,3.8516,-8.7316,9.5470
1,9,0,1,1,33.826,33826,0.7700,4.1200,-10.0900,10.9259,-0.1691,0.2553,0.0502,3.44,154.56,161.00,-0.1279,3.8870,-8.9106,9.7223
1,9,0,1,1,33.928,33928,-0.1400,4.5900,-8.0600,9.2764,0.4396,-0.1745,0.0447,3.13,154.00,160.94,-0.1295,3.9796,-8.7985,9.6575
1,9,0,1,1,34.030,34030,-0.6100,3.7900,-8.2800,9.1266,0.2225,-0.2182,-0.1451,2.25,151.69,161.56,-0.1928,3.9546,-8.7302,9.5860
1,9,0,1,1,34.133,34133,-1.0100,4.9900,-8.2700,9.7115,0.1014,0.0142,-0.2673,1.38,151.75,161.94,-0.3005,4.0911,-8.6695,9.5910
1,9,0,1,1,34.235,34235,-0.2700,4.1600,-9.6100,10.4752,0.3098,0.0862,-0.0709,2.00,150.31,161.88,-0.2965,4.1002,-8.7935,9.7069
1,9,0,1,1,34.343,34343,-0.3200,4.7900,-8.5700,9.8230,0.0807,0.1091,0.0622,2.44,149.44,161.56,-0.2996,4.1911,-8.7640,9.7192
1,9,0,1,1,34.445,34445,-0.2000,6.1000,-7.3400,9.5460,0.4232,-0.1167,-0.3687,2.75,148.13,162.69,-0.2865,4.4426,-8.5764,9.6630
1,9,0,1,1,34.548,34548,-1.3300,4.7900,-6.2200,7.9625,0.8214,0.1396,-0.5563,4.25,144.00,164.88,-0.4240,4.4884,-8.2659,9.4154
1,9,0,1,1,34.654,34654,-0.8700,4.5500,-8.4000,9.5927,-0.1462,0.1418,0.0305,4.69,142.31,164.44,-0.4827,4.4965,-8.2835,9.4376
1,9,0,1,1,34.756,34756,-1.2200,6.2100,-7.5300,9.8363,-0.2400,0.1069,0.0098,5.13,144.69,164.50,-0.5799,4.7223,-8.1842,9.4667
1,9,0,1,1,34.871,34871,-0.8900,5.7100,-8.3900,10.1877,-0.2793,-0.1396,0.1298,4.19,145.75,163.88,-0.6208,4.8525,-8.2114,9.5581
1,9,0,1,1,34.973,34973,-1.2200,5.1500,-7.3100,9.0248,-0.0415,0.2334,0.0218,4.44,146.63,163.94,-0.6997,4.8917,-8.0926,9.4820
1,9,0,1,1,35.075,35075,-1.9200,4.6800,-7.6200,9.1462,-0.3676,0.5116,0.1058,5.94,147.75,162.56,-0.8605,4.8638,-8.0303,9.4278
1,9,0,1,1,35.177,35177,-0.3300,5.2400,-8.2800,9.8043,-0.3818,0.1691,0.5454,7.31,149.56,159.75,-0.7906,4.9133,-8.0632,9.4753
1,9,0,1,1,35.279,35279,-1.1600,4.7600,-8.3500,9.6812,-0.1385,0.1156,0.1353,7.75,150.63,158.88,-0.8393,4.8931,-8.1010,9.5012
1,9,0,1,1,35.384,35384,-0.9200,4.5200,-9.2400,10.3274,-0.4298,-0.1494,0.0785,7.06,152.19,158.13,-0.8499,4.8440,-8.2511,9.6056
1,9,0,1,1,35.487,35487,-1.9700,4.5200,-8.0800,9.4656,-0.1309,0.1985,-0.1222,6.75,154.25,158.19,-0.9975,4.8013,-8.2285,9.5790
1,9,0,1,1,35.589,35589,-0.9300,3.5600,-8.6200,9.3725,0.0251,0.4854,-0.2040,9.25,153.88,158.19,-0.9886,4.6377,-8.2801,9.5418
1,9,0,1,1,35.696,35696,-0.8800,4.1100,-8.7600,9.7162,-0.4494,-0.3469,0.0295,9.63,155.31,158.13,-0.9743,4.5682,-8.3434,9.5619
1,9,0,1,1,35.798,35798,-1.4600,3.6300,-8.7800,9.6123,-0.1560,-0.6065,-0.0087,6.75,157.31,158.63,-1.0383,4.4445,-8.4009,9.5607
1,9,0,1,1,35.917,35917,-2.0300,3.2800,-8.9600,9.7550,-0.2083,-0.0087,-0.0469,5.31,158.44,159.06,-1.1690,4.2911,-8.4746,9.5707
1,9,0,1,1,36.019,36019,-0.8600,2.9500,-10.0600,10.5188,-0.1298,0.2629,-0.0654,5.88,159.56,158.38,-1.1283,4.1144,-8.6835,9.6749
1,9,0,1,1,36.121,36121,-0.3700,3.2500,-9.7400,10.2746,-0.2029,-0.0469,-0.0360,6.00,160.63,158.13,-1.0284,4.0005,-8.8227,9.7417
1,9,0,1,1,36.223,36223,-0.2000,3.2900,-8.0200,8.6709,0.0720,-0.4211,-0.0807,4.31,161.19,158.25,-0.9192,3.9068,-8.7169,9.5965
1,9,0,1,1,36.377,36377,-1.0000,3.2400,-9.0700,9.6831,-0.3872,0.2618,-0.1080,3.38,163.00,159.19,-0.9298,3.8190,-8.7635,9.6046
1,9,0,1,1,36.479,36479,-1.8000,2.0400,-10.7500,11.0889,-0.2214,0.1854,-0.0556,4.25,164.31,158.88,-1.0445,3.5845,-9.0252,9.7670
1,9,0,1,1,36.582,36582,-0.0300,2.9800,-8.8200,9.3099,0.1178,0.1069,0.1669,5.38,165.00,158.38,-0.9108,3.5049,-8.9982,9.6996
1,9,0,1,1,36.684,36684,-1.5200,1.8700,-9.5200,9.8203,0.0011,-0.2476,-0.0120,3.94,163.94,158.06,-0.9911,3.2894,-9.0670,9.6960
1,9,0,1,1,36.786,36786,0.1500,2.6400,-9.4000,9.7648,-0.2967,-0.1222,-0.0774,3.44,165.19,158.38,-0.8407,3.2039,-9.1108,9.6943
1,9,0,1,1,36.900,36900,-0.3700,2.6100,-9.5400,9.8975,0.1287,-0.4887,0.1364,0.94,165.75,158.56,-0.7787,3.1256,-9.1674,9.7168
1,9,0,1,1,37.003,37003,-0.9300,2.4400,-9.6200,9.9681,0.0905,0.1942,-0.0022,0.13,164.94,158.19,-0.7986,3.0353,-9.2270,9.7462
1,9,0,1,1,37.107,37107,-0.5000,2.6700,-10.0300,10.3913,0.1920,0.4134,0.1331,2.19,164.06,157.50,-0.7593,2.9871,-9.3328,9.8286
1,9,0,1,1,37.211,37211,0.3400,2.4800,-9.6200,9.9403,0.1058,-0.0316,0.1527,3.25,163.13,156.31,-0.6144,2.9203,-9.3707,9.8344
1,9,0,1,1,37.313,37313,-0.5300,3.0600,-8.5900,9.1341,0.1407,-0.3840,0.1145,1.50,162.50,155.88,-0.6033,2.9387,-9.2678,9.7413
1,9,0,1,1,37.421,37421,-1.3400,2.1900,-9.0100,9.3687,-0.1898,-0.0295,-0.0316,-0.13,162.19,155.50,-0.7004,2.8401,-9.2338,9.6861
1,9,0,1,1,37.524,37524,-0.2500,3.3300,-9.6900,10.2493,-0.1505,0.2280,0.2814,0.88,163.88,154.94,-0.6410,2.9046,-9.2939,9.7583
1,9,0,1,1,37.627,37627,0.5700,3.6100,-9.5200,10.1974,0.0774,-0.2934,0.2629,0.13,163.94,153.94,-0.4814,2.9976,-9.3237,9.8056
1,9,0,1,1,37.729,37729,-0.5500,2.6300,-9.5300,9.9015,0.1909,-0.2793,-0.1462,-1.81,162.69,154.06,-0.4905,2.9491,-9.3509,9.8172
1,9,0,1,1,37.831,37831,-0.0900,2.5400,-9.0200,9.3712,0.1014,0.1004,-0.0873,-1.88,161.94,154.50,-0.4377,2.8952,-9.3073,9.7570
1,9,0,1,1,37.946,37946,0.4700,2.9100,-10.1800,10.5982,-0.3720,0.0556,0.0535,-0.88,163.19,154.50,-0.3181,2.8972,-9.4223,9.8628
1,9,0,1,1,38.053,38053,0.0200,3.0900,-10.5300,10.9740,-0.3065,-0.2214,0.2694,-1.94,164.94,153.94,-0.2735,2.9226,-9.5683,10.0084
1,9,0,1,1,38.155,38155,-1.0600,3.2300,-9.9700,10.5336,0.5356,-0.0175,-0.0535,-3.13,164.25,153.56,-0.3772,2.9631,-9.6212,10.0742
1,9,0,1,1,38.257,38257,-0.0900,2.0700,-8.7500,8.9920,0.4560,0.6349,0.0873,-1.63,161.19,152.06,-0.3393,2.8454,-9.5064,9.9289
1,9,0,1,1,38.414,38414,0.7900,2.7400,-9.4400,9.8613,-0.5890,0.2738,0.2673,2.69,162.56,149.94,-0.1905,2.8315,-9.4977,9.9126
1,9,0,1,1,38.517,38517,0.0400,3.4600,-9.4200,10.0354,0.0175,-0.1789,0.0076,2.63,164.50,149.44,-0.1601,2.9143,-9.4874,9.9262
1,9,0,1,1,38.625,38625,-0.0100,2.6400,-9.5200,9.8793,0.3840,-0.2913,-0.1942,1.56,162.94,150.06,-0.1404,2.8782,-9.4917,9.9195
1,9,0,1,1,38.727,38727,-0.8800,2.6800,-9.7300,10.1306,0.1484,0.0131,-0.3676,0.88,161.75,151.94,-0.2378,2.8521,-9.5231,9.9439
1,9,0,1,1,38.829,38829,0.1300,3.6400,-9.3700,10.0530,0.2673,0.3251,0.0524,0.81,161.00,151.13,-0.1894,2.9559,-9.5029,9.9538
1,9,0,1,1,38.943,38943,0.3800,3.3500,-9.9400,10.4962,0.3971,0.1844,-0.0338,2.88,158.63,151.25,-0.1143,3.0078,-9.5605,10.0232
1,9,0,1,1,39.046,39046,-0.4000,3.3000,-7.6200,8.3135,0.4025,0.0295,-0.0993,3.19,156.00,151.50,-0.1520,3.0463,-9.3048,9.7920
1,9,0,1,1,39.149,39149,0.0000,3.6700,-8.6900,9.4332,-0.2520,-0.1047,-0.0687,3.13,155.81,152.31,-0.1319,3.1285,-9.2238,9.7408
1,9,0,1,1,39.256,39256,-0.5400,3.8300,-8.7300,9.5485,-0.2945,-0.3425,0.0098,1.38,158.06,153.13,-0.1857,3.2210,-9.1587,9.7104
1,9,0,1,1,39.358,39358,-0.9500,4.2900,-9.4300,10.4034,0.1364,0.2258,0.0764,2.50,158.38,154.25,-0.2864,3.3618,-9.1945,9.7940
1,9,0,1,1,39.467,39467,-0.1500,3.8500,-7.0400,8.0254,0.5967,0.4276,-0.2640,4.31,156.13,155.13,-0.2685,3.4262,-8.9106,9.5503
1,10,0,1,1,39.569,39569,-0.2800,3.5200,-10.3100,10.8979,0.1134,-0.1069,-0.2574,6.00,153.63,156.31,-0.2700,3.4385,-9.0950,9.7270
1,10,0,1,1,39.671,39671,-1.2600,4.6400,-9.1600,10.3452,-0.0469,-0.3643,-0.1953,4.56,154.38,157.75,-0.4004,3.5968,-9.1035,9.7965
1,10,0,1,1,39.778,39778,-0.9000,4.4000,-8.0400,9.2093,0.6534,-0.1680,0.0153,4.38,152.56,159.31,-0.4663,3.7027,-8.9634,9.7093
1,10,0,1,1,39.880,39880,0.3300,4.3600,-9.2600,10.2404,0.3262,-0.0305,-0.3327,4.75,149.56,160.75,-0.3613,3.7893,-9.0025,9.7742
1,10,0,1,1,39.995,39995,-1.5100,4.9100,-7.6300,9.1981,0.4102,0.0840,-0.4047,4.88,147.56,163.00,-0.5127,3.9370,-8.8216,9.6739
1,10,0,1,1,40.097,40097,-1.2500,4.8200,-5.9700,7.7740,-0.1593,-0.5378,0.0175,4.06,146.81,163.56,-0.6099,4.0533,-8.4459,9.3880
1,10,0,1,1,40.200,40200,-1.7300,6.0200,-9.2700,11.1878,-0.1353,0.3458,-0.1374,4.56,147.88,164.69,-0.7575,4.3125,-8.5545,9.6099
1,10,0,1,1,40.302,40302,-1.2200,5.5900,-7.7500,9.6332,0.2247,0.5225,0.1309,5.69,147.50,163.06,-0.8184,4.4808,-8.4484,9.5981
1,10,0,1,1,40.407,40407,-0.8000,5.0500,-7.0100,8.6766,0.2291,0.3142,0.2018,6.75,145.63,161.25,-0.8160,4.5558,-8.2589,9.4674
1,10,0,1,1,40.513,40513,-0.7800,5.3000,-6.8200,8.6724,-0.4680,0.1200,0.1789,6.63,146.44,159.50,-0.8112,4.6539,-8.0693,9.3504
1,10,0,1,1,40.617,40617,-1.5000,5.3700,-7.8600,9.6367,-0.4309,0.2629,0.0742,6.94,149.00,158.25,-0.9020,4.7483,-8.0417,9.3824
1,10,0,1,1,40.721,40721,-1.3100,4.9500,-7.9800,9.4815,-0.3098,0.2923,0.0360,8.44,150.63,156.94,-0.9558,4.7748,-8.0336,9.3942
1,10,0,1,1,40.824,40824,-1.0700,4.5700,-8.4300,9.6486,-0.2825,-0.2585,-0.0175,8.13,152.38,156.81,-0.9708,4.7479,-8.0858,9.4268
1,10,0,1,1,40.932,40932,-1.4200,3.8500,-8.8500,9.7551,-0.1331,-0.2902,-0.0720,6.69,153.44,157.38,-1.0300,4.6295,-8.1865,9.4611
1,10,0,1,1,41.046,41046,-1.4900,3.6600,-9.1500,9.9669,-0.3698,0.1942,0.0524,6.44,155.25,157.19,-1.0906,4.5018,-8.3135,9.5168
1,10,0,1,1,41.148,41148,-1.3500,3.6600,-8.6900,9.5254,-0.1953,0.1680,0.0262,7.25,156.94,156.50,-1.1248,4.3909,-8.3631,9.5124
1,10,0,1,1,41.250,41250,-0.0400,3.2900,-9.7800,10.3186,-0.2574,-0.1844,0.0142,7.19,158.13,156.00,-0.9819,4.2458,-8.5498,9.5964
1,10,0,1,1,41.353,41353,-1.2200,3.4800,-9.1700,9.8837,-0.1298,-0.2618,-0.1822,5.13,159.50,156.56,-1.0132,4.1449,-8.6315,9.6286
1,10,0,1,1,41.456,41456,-0.6900,3.2400,-9.5200,10.0799,-0.0873,0.0164,-0.1025,4.88,160.00,157.00,-0.9706,4.0256,-8.7486,9.6792
1,10,0,1,1,41.563,41563,-0.5600,3.3600,-9.1800,9.7916,-0.1625,-0.0698,0.0000,4.63,161.06,157.00,-0.9165,3.9379,-8.8055,9.6893
1,10,0,1,1,41.666,41666,-0.3800,2.9800,-9.3100,9.7827,-0.0425,-0.1789,0.0545,4.31,161.44,157.00,-0.8458,3.8117,-8.8719,9.6931
1,10,0,1,1,41.771,41771,-0.6800,3.0000,-7.7800,8.3661,-0.0251,-0.3327,0.0884,2.44,161.75,156.75,-0.8240,3.7047,-8.7281,9.5175
1,10,0,1,1,41.875,41875,-0.6100,2.5100,-9.3800,9.7292,-0.4603,-0.2247,-0.0589,1.06,163.13,157.00,-0.7958,3.5473,-8.8140,9.5343
1,10,0,1,1,41.977,41977,0.5400,3.3400,-10.4500,10.9841,-0.2673,0.0578,-0.0960,1.31,165.94,157.19,-0.6198,3.5200,-9.0296,9.7112
1,10,0,1,1,42.092,42092,-0.4900,2.2400,-9.5600,9.8311,0.1822,-0.0556,-0.0033,0.00,165.19,156.94,-0.6027,3.3513,-9.0994,9.7157
1,10,0,1,1,42.194,42194,-0.3900,1.9900,-9.0300,9.2549,-0.0884,0.1942,0.0502,0.81,164.75,157.19,-0.5746,3.1719,-9.0903,9.6449
1,10,0,1,1,42.296,42296,0.1700,1.9400,-8.8500,9.0617,-0.2138,0.0611,0.1625,1.25,165.81,156.31,-0.4765,3.0096,-9.0586,9.5574
1,10,0,1,1,42.398,42398,0.0000,2.6400,-9.4700,9.8311,-0.3022,-0.3436,0.1025,-0.19,167.63,155.94,-0.4137,2.9609,-9.1128,9.5907
1,10,0,1,1,42.500,42500,-0.0400,2.4800,-9.7000,10.0121,0.1876,0.3523,-0.1047,0.19,167.81,156.38,-0.3645,2.8975,-9.1902,9.6431
1,10,0,1,1,42.605,42605,0.4000,1.7100,-8.9700,9.1403,0.2760,-0.2116,-0.0687,0.81,166.25,157.00,-0.2637,2.7410,-9.1612,9.5661
1,10,0,1,1,42.708,42708,-0.2700,2.4400,-8.6900,9.0301,-0.2094,0.0458,-0.1331,0.56,166.88,157.75,-0.2646,2.7014,-9.0991,9.4953
1,10,0,1,1,42.810,42810,-0.6800,1.9900,-9.8400,10.0622,0.0218,0.1767,-0.3578,1.63,166.75,158.88,-0.3193,2.6076,-9.1967,9.5646
1,10,0,1,1,42.917,42917,-0.0100,2.0300,-10.2500,10.4491,-0.1287,-0.2334,-0.1462,1.69,167.06,159.31,-0.2785,2.5315,-9.3355,9.6767
1,10,0,1,1,43.019,43019,0.1600,2.5700,-9.3600,9.7077,0.2847,-0.5661,0.0164,-1.13,167.06,159.56,-0.2208,2.5366,-9.3388,9.6796
1,10,0,1,1,43.138,43138,-0.4100,1.4100,-9.4100,9.5239,0.1527,0.0698,0.0633,-2.44,165.19,159.75,-0.2457,2.3881,-9.3481,9.6515
1,10,0,1,1,43.240,43240,0.3900,2.3000,-9.5500,9.8308,-0.3709,0.2978,0.2127,-1.25,166.44,159.00,-0.1619,2.3765,-9.3747,9.6726
1,10,0,1,1,43.342,43342,0.3100,2.4700,-10.1100,10.4120,-0.0676,0.0436,0.1505,-0.63,167.63,158.19,-0.0997,2.3888,-9.4716,9.7687
1,10,0,1,1,43.444,43444,-0.4300,2.7200,-10.7500,11.0971,-0.0556,-0.0262,-0.1364,-0.81,167.94,157.75,-0.1433,2.4325,-9.6401,9.9433
1,10,0,1,1,43.598,43598,0.2500,2.1700,-9.8600,10.0991,0.5083,-0.1473,0.0382,-1.13,165.81,157.38,-0.0914,2.3979,-9.6691,9.9624
1,10,0,1,1,43.700,43700,0.3300,2.3300,-9.9400,10.2148,-0.0742,0.0175,-0.0251,-1.38,164.63,157.50,-0.0359,2.3889,-9.7048,9.9945
1,10,0,1,1,43.802,43802,0.2200,3.4700,-10.3500,10.9184,-0.0436,0.1309,-0.1178,-0.63,165.06,158.06,-0.0022,2.5314,-9.7898,10.1118
1,10,0,1,1,43.904,43904,-0.3400,2.3900,-8.5400,8.8746,0.8748,0.2280,-0.2073,0.38,162.19,159.19,-0.0467,2.5128,-9.6251,9.9478
1,10,0,1,1,44.007,44007,0.4200,2.3400,-8.2300,8.5665,-0.0840,-0.0120,0.1822,1.13,159.75,159.25,0.0148,2.4900,-9.4413,9.7641
1,10,0,1,1,44.121,44121,-0.1300,2.8900,-9.3100,9.7491,-0.0982,0.0840,-0.0971,0.63,161.00,159.00,-0.0043,2.5427,-9.4240,9.7610
1,10,0,1,1,44.224,44224,0.4800,3.0600,-9.9000,10.3732,-0.0131,-0.0371,-0.0185,0.63,161.56,158.44,0.0595,2.6109,-9.4867,9.8396
1,10,0,1,1,44.329,44329,0.1000,3.0200,-9.5300,9.9976,0.0764,-0.0229,-0.0545,0.94,161.19,158.56,0.0649,2.6648,-9.4924,9.8596
1,10,0,1,1,44.432,44432,-0.3900,3.1500,-8.1100,8.7090,0.0698,0.0905,-0.0894,1.31,160.94,158.94,0.0049,2.7287,-9.3102,9.7019
1,10,0,1,1,44.534,44534,0.8700,3.1900,-9.4500,10.0118,0.0131,-0.0273,-0.2738,1.81,160.94,159.44,0.1189,2.7895,-9.3287,9.7375
1,10,0,1,1,44.642,44642,-0.3800,2.9700,-10.0700,10.5057,0.1909,0.0753,-0.2389,1.69,160.25,160.69,0.0532,2.8133,-9.4263,9.8373
